country,platform,category_url,month_latest,month_prev,spu_count_prev,spu_count_latest,spu_ratio_vs_prev,status
ID,LAZ,https://www.lazada.co.id/beli-kopi,2025-12,2025-11,274.0,340,124.09%,normal
ID,LAZ,https://www.lazada.co.id/beli-lap-bayi-isi-ulang/,2025-12,2025-11,305.0,400,131.15%,normal
ID,LAZ,https://www.lazada.co.id/beli-makanan-bayi-balita,2025-12,2025-11,305.0,362,118.69%,normal
ID,LAZ,https://www.lazada.co.id/beli-makanan-minuman-beku,2025-12,2025-11,305.0,402,131.8%,normal
ID,LAZ,https://www.lazada.co.id/beli-makanan-minuman-susu-kental,2025-12,2025-11,311.0,400,128.62%,normal
ID,LAZ,https://www.lazada.co.id/beli-mesin-kopi,2025-12,2025-11,248.0,307,123.79%,normal
ID,LAZ,https://www.lazada.co.id/beli-pembalut/,2025-12,2025-11,302.0,334,110.6%,normal
ID,LAZ,https://www.lazada.co.id/beli-popok-sekali-pakai/,2025-12,2025-11,326.0,304,93.25%,normal
ID,LAZ,https://www.lazada.co.id/beli-susu-bayi-0-6-bulan,2025-12,2025-11,251.0,323,128.69%,normal
ID,LAZ,https://www.lazada.co.id/beli-susu-bayi-6-12-bulan,2025-12,2025-11,216.0,228,105.56%,normal
ID,LAZ,https://www.lazada.co.id/beli-susu-maternal,2025-12,2025-11,225.0,360,160.0%,normal
ID,LAZ,https://www.lazada.co.id/beli-susu-pertumbuhan-1-3-tahun,2025-12,2025-11,290.0,359,123.79%,normal
ID,LAZ,https://www.lazada.co.id/coklat-panas,2025-12,2025-11,299.0,354,118.39%,normal
ID,LAZ,https://www.lazada.co.id/jual-makanan-anjing,2025-12,2025-11,303.0,383,126.4%,normal
ID,LAZ,https://www.lazada.co.id/jual-makanan-kucing,2025-12,2025-11,304.0,335,110.2%,normal
ID,LAZ,https://www.lazada.co.id/jual-sampah-kucing,2025-12,2025-11,326.0,346,106.13%,normal
ID,LAZ,https://www.lazada.co.id/shop-Cokelat,2025-12,2025-11,320.0,305,95.31%,normal
ID,LAZ,https://www.lazada.co.id/shop-green-black-&-classic-tea,2025-12,2025-11,192.0,325,169.27%,normal
ID,LAZ,https://www.lazada.co.id/shop-kapsul-kopi,2025-12,2025-11,200.0,250,125.0%,normal
ID,LAZ,https://www.lazada.co.id/shop-kopi-giling,2025-12,2025-11,304.0,406,133.55%,normal
ID,LAZ,https://www.lazada.co.id/shop-kopi-instan,2025-12,2025-11,313.0,360,115.02%,normal
ID,LAZ,https://www.lazada.co.id/shop-kopi-siap-minum,2025-12,2025-11,311.0,399,128.3%,normal
ID,LAZ,https://www.lazada.co.id/shop-makanan-kaleng,2025-12,2025-11,361.0,353,97.78%,normal
ID,LAZ,https://www.lazada.co.id/shop-permen-gummy,2025-12,2025-11,304.0,360,118.42%,normal
ID,LAZ,https://www.lazada.co.id/shop-permen-kunyah-permen-tali,2025-12,2025-11,354.0,342,96.61%,normal
ID,LAZ,https://www.lazada.co.id/shop-permen-mint,2025-12,2025-11,302.0,403,133.44%,normal
ID,LAZ,https://www.lazada.co.id/shop-sugar,2025-12,2025-11,310.0,309,99.68%,normal
ID,LAZ,https://www.lazada.co.id/shop-susu-segar,2025-12,2025-11,304.0,440,144.74%,normal
ID,LAZ,https://www.lazada.co.id/shop-uht-milk-ready-to-drink,2025-12,2025-11,336.0,368,109.52%,normal
ID,LAZ,https://www.lazada.co.id/suplemen-kesejahteraan,2025-12,2025-11,308.0,393,127.6%,normal
ID,SHP,https://shopee.co.id/Canned-Food-cat.11043451.11043557?page=0&sortBy=sales,2025-12,2025-11,300.0,500,166.67%,normal
ID,SHP,https://shopee.co.id/Cat-Food-cat.11043572.11043573.11043576,2025-12,2025-11,300.0,458,152.67%,normal
ID,SHP,https://shopee.co.id/Chocolate-Drinks-cat.11043451.11043502.11043505,2025-12,2025-11,300.0,419,139.67%,normal
ID,SHP,https://shopee.co.id/Chocolate-cat.11043451.11043453.11043455,2025-12,2025-11,300.0,393,131.0%,normal
ID,SHP,https://shopee.co.id/Coffee-cat.11043451.11043502.11043503,2025-12,2025-11,357.0,433,121.29%,normal
ID,SHP,https://shopee.co.id/Dairy-Eggs-cat.11043451.11043517,2025-12,2025-11,300.0,438,146.0%,normal
ID,SHP,https://shopee.co.id/Dog-Treats-cat.11043572.11043573.11043575,2025-12,2025-11,300.0,441,147.0%,normal
ID,SHP,https://shopee.co.id/Fresh-Frozen-Food-cat.11043451.11043529,2025-12,2025-11,359.0,365,101.67%,normal
ID,SHP,https://shopee.co.id/Health-cat.11043279,2025-12,2025-11,300.0,248,82.67%,normal
ID,SHP,https://shopee.co.id/Litter-Toilet-cat.11043572.11043596,2025-12,2025-11,300.0,259,86.33%,normal
ID,SHP,https://shopee.co.id/Maternity-Milk-cat.11043350.11043385.11043386,2025-12,2025-11,300.0,307,102.33%,normal
ID,SHP,https://shopee.co.id/Mesin-Kopi-Aksesoris-cat.11044258.11044294.11044300,2025-12,2025-11,300.0,402,134.0%,normal
ID,SHP,https://shopee.co.id/Milk-Formula-Baby-Food-cat.11043350.11043428,2025-12,2025-11,300.0,272,90.67%,normal
ID,SHP,https://shopee.co.id/Milk-Formula-cat.11043350.11043428.11043429,2025-12,2025-11,300.0,455,151.67%,normal
ID,SHP,https://shopee.co.id/Popok-Sekali-Pakai-cat.11043350.11043433.11043436,2025-12,2025-11,349.0,304,87.11%,normal
ID,SHP,https://shopee.co.id/Sanitary-Napkins-Panty-Liners-cat.11043279.11043331.11043332,2025-12,2025-11,345.0,429,124.35%,normal
ID,SHP,https://shopee.co.id/Sweets-Candy-cat.11043451.11043453.11043454,2025-12,2025-11,300.0,439,146.33%,normal
ID,SHP,https://shopee.co.id/Tisu-cat.11043350.11043390.11043394,2025-12,2025-11,300.0,295,98.33%,normal
ID,SHP,https://shopee.co.id/Yogurt-Cultured-Milk-cat.11043451.11043517.11043522,2025-12,2025-11,300.0,398,132.67%,normal
MY,LAZ,https://www.lazada.com.my/coffee,2025-12,2025-11,326.0,400,122.7%,normal
MY,LAZ,https://www.lazada.com.my/hot-chocolate,2025-12,2025-11,320.0,400,125.0%,normal
MY,LAZ,https://www.lazada.com.my/shop-baby-food-2,2025-12,2025-11,322.0,440,136.65%,normal
MY,LAZ,https://www.lazada.com.my/shop-baby-wipes-refills/,2025-12,2025-11,440.0,439,99.77%,normal
MY,LAZ,https://www.lazada.com.my/shop-cat-food,2025-12,2025-11,440.0,440,100.0%,normal
MY,LAZ,https://www.lazada.com.my/shop-cat-litter,2025-12,2025-11,359.0,360,100.28%,normal
MY,LAZ,https://www.lazada.com.my/shop-coffee-machines,2025-12,2025-11,302.0,440,145.7%,normal
MY,LAZ,https://www.lazada.com.my/shop-diapers-1/,2025-12,2025-11,400.0,334,83.5%,normal
MY,LAZ,https://www.lazada.com.my/shop-dog-food,2025-12,2025-11,356.0,399,112.08%,normal
MY,LAZ,https://www.lazada.com.my/shop-followon-milk-formula,2025-12,2025-11,109.0,190,174.31%,normal
MY,LAZ,https://www.lazada.com.my/shop-green-black-&-classic-tea,2025-12,2025-11,320.0,395,123.44%,normal
MY,LAZ,https://www.lazada.com.my/shop-groceries-beverages-coffee-coffeecapsules,2025-12,2025-11,320.0,399,124.69%,normal
MY,LAZ,https://www.lazada.com.my/shop-groceries-beverages-coffee-groundcoffee,2025-12,2025-11,320.0,480,150.0%,normal
MY,LAZ,https://www.lazada.com.my/shop-groceries-beverages-coffee-instantcoffee,2025-12,2025-11,301.0,318,105.65%,normal
MY,LAZ,https://www.lazada.com.my/shop-groceries-beverages-coffee-readytodrinkcoffee,2025-12,2025-11,320.0,434,135.62%,normal
MY,LAZ,https://www.lazada.com.my/shop-groceries-beverages-uht-milk-milk-powder-condensed-milk,2025-12,2025-11,161.0,238,147.83%,normal
MY,LAZ,https://www.lazada.com.my/shop-groceries-chocolatesnackssweets-chocolate,2025-12,2025-11,320.0,360,112.5%,normal
MY,LAZ,https://www.lazada.com.my/shop-groceries-chocolatesnackssweets-mints,2025-12,2025-11,360.0,418,116.11%,normal
MY,LAZ,https://www.lazada.com.my/shop-groceries-chocolatesnackssweets-sweets-chewycandy,2025-12,2025-11,310.0,430,138.71%,normal
MY,LAZ,https://www.lazada.com.my/shop-groceries-chocolatesnackssweets-sweets-gummysweets,2025-12,2025-11,320.0,352,110.0%,normal
MY,LAZ,https://www.lazada.com.my/shop-groceries-dairychilled-freshmilk,2025-12,2025-11,255.0,360,141.18%,normal
MY,LAZ,https://www.lazada.com.my/shop-groceries-foodstaplescookingessentials-cannedfood,2025-12,2025-11,320.0,360,112.5%,normal
MY,LAZ,https://www.lazada.com.my/shop-groceries-frozen-convenience-foods-ready-to-eat-meals,2025-12,2025-11,320.0,302,94.38%,normal
MY,LAZ,https://www.lazada.com.my/shop-growth-milk-formula,2025-12,2025-11,320.0,440,137.5%,normal
MY,LAZ,https://www.lazada.com.my/shop-hb-sanitary-napkins/,2025-12,2025-11,400.0,432,108.0%,normal
MY,LAZ,https://www.lazada.com.my/shop-infant-milk-formula-2,2025-12,2025-11,168.0,281,167.26%,normal
MY,LAZ,https://www.lazada.com.my/shop-maternal-milk-formula-2,2025-12,2025-11,80.0,93,116.25%,normal
MY,LAZ,https://www.lazada.com.my/shop-milk-formula-tailored-nutrition,2025-12,2025-11,252.0,256,101.59%,normal
MY,LAZ,https://www.lazada.com.my/shop-senior-health/?spm=a2o4k.pdp_revamp.breadcrumb.2.63081a9aARLUNN,2025-12,2025-11,400.0,400,100.0%,normal
MY,LAZ,https://www.lazada.com.my/shop-sugar,2025-12,2025-11,303.0,360,118.81%,normal
MY,LAZ,https://www.lazada.com.my/shop-toddler-milk,2025-12,2025-11,320.0,400,125.0%,normal
MY,LAZ,https://www.lazada.com.my/shop-uht-milk-ready-to-drink,2025-12,2025-11,319.0,359,112.54%,normal
MY,LAZ,https://www.lazada.com.my/shop-well-being,2025-12,2025-11,320.0,400,125.0%,normal
MY,SHP,https://shopee.com.my/Adult-Diapers-cat.11000168.11000272.11000279,2025-12,2025-11,300.0,449,149.67%,normal
MY,SHP,https://shopee.com.my/Canned-Packed-Food-cat.11000003.11000035,2025-12,2025-11,300.0,441,147.0%,normal
MY,SHP,https://shopee.com.my/Cat-Food-Treats-cat.11000003.11000125.11000127,2025-12,2025-11,300.0,437,145.67%,normal
MY,SHP,https://shopee.com.my/Chocolate-Malt-cat.11000003.11000091.11000092,2025-12,2025-11,300.0,345,115.0%,normal
MY,SHP,https://shopee.com.my/Chocolate-cat.11000003.11000010.11000012,2025-12,2025-11,300.0,411,137.0%,normal
MY,SHP,https://shopee.com.my/Coffee-Machines-and-Accessories-cat.11000824.11000861.11000864,2025-12,2025-11,300.0,351,117.0%,normal
MY,SHP,https://shopee.com.my/Coffee-Tea-cat.11000003.11000069,2025-12,2025-11,300.0,453,151.0%,normal
MY,SHP,https://shopee.com.my/Disposable-Diapers-cat.11000345.11000397.11000402,2025-12,2025-11,300.0,339,113.0%,normal
MY,SHP,https://shopee.com.my/Dog-Food-Treats-cat.11000003.11000125.11000126,2025-12,2025-11,300.0,439,146.33%,normal
MY,SHP,https://shopee.com.my/Formula-Food-cat.11000345.11000422,2025-12,2025-11,300.0,423,141.0%,normal
MY,SHP,https://shopee.com.my/Fresh-Frozen-Food-cat.11000003.11000099,2025-12,2025-11,300.0,387,129.0%,normal
MY,SHP,https://shopee.com.my/Infant-Milk-(0-6-months)-cat.11000345.11000422.11000425,2025-12,2025-11,297.0,308,103.7%,normal
MY,SHP,https://shopee.com.my/Maternal-Milk-cat.11000345.11000422.11000424,2025-12,2025-11,300.0,371,123.67%,normal
MY,SHP,https://shopee.com.my/Pet-Toilets-Litters-Pads-cat.11000003.11000125.11000138,2025-12,2025-11,300.0,324,108.0%,normal
MY,SHP,https://shopee.com.my/Sanitary-Napkins-Panty-Liners-cat.11000168.11000272.11000280,2025-12,2025-11,300.0,458,152.67%,normal
MY,SHP,https://shopee.com.my/Sweets-Candies-cat.11000003.11000010.11000011,2025-12,2025-11,300.0,443,147.67%,normal
MY,SHP,https://shopee.com.my/Well-being-cat.11000168.11000338.11000342,2025-12,2025-11,300.0,436,145.33%,normal
MY,SHP,https://shopee.com.my/Wipes-Refills-cat.11000345.11000385.11000393,2025-12,2025-11,300.0,443,147.67%,normal
MY,SHP,https://shopee.com.my/Yogurt-Drinks-cat.11000003.11000079.11000090,2025-12,2025-11,300.0,393,131.0%,normal
PH,LAZ,ANTACIDS,2025-12,2025-11,0.0,320,-,new-in-latest
PH,LAZ,AUTOMATIC DISHWASHING DETERGENTS,2025-12,2025-11,0.0,320,-,new-in-latest
PH,LAZ,CONDOMS,2025-12,2025-11,0.0,320,-,new-in-latest
PH,LAZ,DISINFECTANT AEROSOL,2025-12,2025-11,0.0,320,-,new-in-latest
PH,LAZ,HAIR REMOVAL,2025-12,2025-11,0.0,320,-,new-in-latest
PH,LAZ,LUBRICANTS,2025-12,2025-11,0.0,320,-,new-in-latest
PH,LAZ,MILK POWDER FOR ADULTS,2025-12,2025-11,0.0,320,-,new-in-latest
PH,LAZ,MILK POWDER FOR INFANTS AND CHILDREN,2025-12,2025-11,0.0,320,-,new-in-latest
PH,LAZ,MULTI-ACTION CLEANER,2025-12,2025-11,0.0,320,-,new-in-latest
PH,LAZ,MULTI-INSECT KILLER SPRAY INSECTICIDE,2025-12,2025-11,0.0,320,-,new-in-latest
PH,LAZ,PHARYNGEAL PREPARATIONS,2025-12,2025-11,0.0,320,-,new-in-latest
PH,LAZ,READY-TO-DRINK MILK,2025-12,2025-11,0.0,320,-,new-in-latest
PH,LAZ,SEX TOYS,2025-12,2025-11,0.0,320,-,new-in-latest
PH,LAZ,TOILET BOWL CLEANER,2025-12,2025-11,0.0,320,-,new-in-latest
PH,LAZ,https://www.lazada.com.ph/shop-baby-wipes-refills/,2025-12,2025-11,311.0,392,126.05%,normal
PH,LAZ,https://www.lazada.com.ph/shop-disposable-diapers/,2025-12,2025-11,320.0,402,125.63%,normal
PH,LAZ,https://www.lazada.com.ph/shop-eye-ear-nose-throat-care/?spm=a2o4l.pdp_revamp.breadcrumb.4.6b922254FVpAhg,2025-12,2025-11,320.0,361,112.81%,normal
PH,LAZ,https://www.lazada.com.ph/shop-groceries-beverages-uht-milk-milk-powder-milk-powder/?spm=a2o4l.pdp_revamp.breadcrumb.4.4ac14f719pvuss,2025-12,2025-11,314.0,409,130.25%,normal
PH,LAZ,https://www.lazada.com.ph/shop-groceries-household-cleaning-bathroomtoilet-toiletcleaners/?spm=a2o4l.pdp_revamp.breadcrumb.4.4d877b9cPWLnLx,2025-12,2025-11,320.0,436,136.25%,normal
PH,LAZ,https://www.lazada.com.ph/shop-groceries-laundry-household-cleaning-multipurpose-cleaner/?spm=a2o4l.pdp_revamp.breadcrumb.3.4b9b7a6exN8nFb,2025-12,2025-11,324.0,440,135.8%,normal
PH,LAZ,https://www.lazada.com.ph/shop-groceries-laundry-household-dishwashing-automatic-dishwashing/?spm=a2o4l.pdp_revamp.breadcrumb.5.35e33fc9CgKENX,2025-12,2025-11,110.0,112,101.82%,normal
PH,LAZ,https://www.lazada.com.ph/shop-growth-milk-formula/?spm=a2o4l.pdp_revamp.breadcrumb.4.5b652fc9C4fwQn,2025-12,2025-11,256.0,440,171.88%,normal
PH,LAZ,https://www.lazada.com.ph/shop-hair-removal/?spm=a2o4l.pdp_revamp.breadcrumb.4.154465d5tVUpvO,2025-12,2025-11,324.0,415,128.09%,normal
PH,LAZ,https://www.lazada.com.ph/shop-healthbeauty-medicalsupplies-firstaidsupplies-antisepticsdisinfectants/?spm=a2o4l.pdp_revamp.breadcrumb.4.542a167ecy3jCf,2025-12,2025-11,320.0,338,105.62%,normal
PH,LAZ,https://www.lazada.com.ph/shop-indigestion-heartburn-medicine/?spm=a2o4l.pdp_revamp.breadcrumb.4.6ebe3f2cE1zwfA,2025-12,2025-11,120.0,170,141.67%,normal
PH,LAZ,https://www.lazada.com.ph/shop-insecticide-sprays-devices-&-coils/?spm=a2o4l.pdp_revamp.breadcrumb.3.7a667c8fHNRgRc,2025-12,2025-11,320.0,454,141.88%,normal
PH,LAZ,https://www.lazada.com.ph/shop-personal-pleasure-lubricants/?spm=a2o4l.pdp_revamp.breadcrumb.3.37bd174ePXHJsB,2025-12,2025-11,320.0,399,124.69%,normal
PH,LAZ,https://www.lazada.com.ph/shop-personal-pleasure-sensual-toys/?spm=a2o4l.pdp_revamp.breadcrumb.3.12f129d1zWV6LB,2025-12,2025-11,320.0,440,137.5%,normal
PH,LAZ,https://www.lazada.com.ph/shop-safer-sex-&-contraception-products/?spm=a2o4l.pdp_revamp.breadcrumb.3.3f5c67e0E0uQhz,2025-12,2025-11,324.0,405,125.0%,normal
PH,LAZ,https://www.lazada.com.ph/shop-sanitary-napkins/,2025-12,2025-11,320.0,397,124.06%,normal
PH,LAZ,https://www.lazada.com.ph/shop-uht-milk-ready-to-drink/?spm=a2o4l.pdp_revamp.breadcrumb.4.2b80379d3kRMGK,2025-12,2025-11,320.0,440,137.5%,normal
PH,SHP,ANTACIDS,2025-12,2025-11,0.0,349,-,new-in-latest
PH,SHP,AUTOMATIC DISHWASHING DETERGENTS,2025-12,2025-11,0.0,349,-,new-in-latest
PH,SHP,CONDOMS,2025-12,2025-11,0.0,349,-,new-in-latest
PH,SHP,DISINFECTANT AEROSOL,2025-12,2025-11,0.0,349,-,new-in-latest
PH,SHP,HAIR REMOVAL,2025-12,2025-11,0.0,349,-,new-in-latest
PH,SHP,LUBRICANTS,2025-12,2025-11,0.0,349,-,new-in-latest
PH,SHP,MILK POWDER FOR ADULTS,2025-12,2025-11,0.0,349,-,new-in-latest
PH,SHP,MILK POWDER FOR INFANTS AND CHILDREN,2025-12,2025-11,0.0,349,-,new-in-latest
PH,SHP,MULTI-ACTION CLEANER,2025-12,2025-11,0.0,349,-,new-in-latest
PH,SHP,MULTI-INSECT KILLER SPRAY INSECTICIDE,2025-12,2025-11,0.0,349,-,new-in-latest
PH,SHP,PHARYNGEAL PREPARATIONS,2025-12,2025-11,0.0,349,-,new-in-latest
PH,SHP,READY-TO-DRINK MILK,2025-12,2025-11,0.0,349,-,new-in-latest
PH,SHP,SEX TOYS,2025-12,2025-11,0.0,334,-,new-in-latest
PH,SHP,https://shopee.ph/Adult-Toys-cat.11021260.11021341.11021343,2025-12,2025-11,300.0,462,154.0%,normal
PH,SHP,https://shopee.ph/Candy-cat.11021197.11021224.11021226,2025-12,2025-11,300.0,408,136.0%,normal
PH,SHP,https://shopee.ph/Chocolates-cat.11021197.11021224.11021227,2025-12,2025-11,300.0,414,138.0%,normal
PH,SHP,https://shopee.ph/Cleaning-Soap-cat.11021197.11021207.11021208,2025-12,2025-11,300.0,459,153.0%,normal
PH,SHP,https://shopee.ph/Condoms-cat.11021260.11021341.11021342,2025-12,2025-11,300.0,451,150.33%,normal
PH,SHP,https://shopee.ph/Disposable-Diaper-cat.11021766.11021769.11021771,2025-12,2025-11,300.0,465,155.0%,normal
PH,SHP,https://shopee.ph/Feminine-Care-cat.11021260.11021293.11021298,2025-12,2025-11,300.0,444,148.0%,normal
PH,SHP,https://shopee.ph/Growing-Up-Milk-(3-years-)-cat.11021766.11021780.11021802,2025-12,2025-11,300.0,418,139.33%,normal
PH,SHP,https://shopee.ph/Hair-Removal-cat.11021260.11021293.11021295,2025-12,2025-11,300.0,433,144.33%,normal
PH,SHP,https://shopee.ph/Lubricants-cat.11021260.11021341.11021344,2025-12,2025-11,300.0,451,150.33%,normal
PH,SHP,https://shopee.ph/Milk-Powder-cat.11021197.11021200.11044675,2025-12,2025-11,300.0,448,149.33%,normal
PH,SHP,https://shopee.ph/Over-the-Counter-Medicine-cat.11021260.11021330.11021339,2025-12,2025-11,300.0,343,114.33%,normal
PH,SHP,https://shopee.ph/Pet-Food-Treats-cat.11021881.11021884,2025-12,2025-11,300.0,423,141.0%,normal
PH,SHP,https://shopee.ph/Rodent-Insect-Control-cat.11021407.11021568.11021570,2025-12,2025-11,300.0,426,142.0%,normal
PH,SHP,https://shopee.ph/Wipes-cat.11021766.11021769.11021777,2025-12,2025-11,300.0,424,141.33%,normal
SG,LAZ,https://www.lazada.sg/baby-toddler-foods,2025-12,2025-11,400.0,360,90.0%,normal
SG,LAZ,https://www.lazada.sg/coffee,2025-12,2025-11,320.0,360,112.5%,normal
SG,LAZ,https://www.lazada.sg/hot-chocolate,2025-12,2025-11,360.0,307,85.28%,normal
SG,LAZ,https://www.lazada.sg/shop-Groceries-ChocolateSnacksSweets-Chocolate,2025-12,2025-11,304.0,361,118.75%,normal
SG,LAZ,https://www.lazada.sg/shop-Groceries-ChocolateSnacksSweets-Mints,2025-12,2025-11,480.0,315,65.62%,abnormal-drop
SG,LAZ,https://www.lazada.sg/shop-baby-wipes-refills/,2025-12,2025-11,336.0,320,95.24%,normal
SG,LAZ,https://www.lazada.sg/shop-cat-food,2025-12,2025-11,400.0,303,75.75%,abnormal-drop
SG,LAZ,https://www.lazada.sg/shop-cat-litter,2025-12,2025-11,375.0,334,89.07%,normal
SG,LAZ,https://www.lazada.sg/shop-coffee-machines,2025-12,2025-11,324.0,401,123.77%,normal
SG,LAZ,https://www.lazada.sg/shop-disposable-diapers/,2025-12,2025-11,359.0,306,85.24%,normal
SG,LAZ,https://www.lazada.sg/shop-dog-food,2025-12,2025-11,356.0,300,84.27%,normal
SG,LAZ,https://www.lazada.sg/shop-followon-milk-formula,2025-12,2025-11,178.0,163,91.57%,normal
SG,LAZ,https://www.lazada.sg/shop-formula-milk,2025-12,2025-11,400.0,427,106.75%,normal
SG,LAZ,https://www.lazada.sg/shop-green-black-&-classic-tea,2025-12,2025-11,301.0,360,119.6%,normal
SG,LAZ,https://www.lazada.sg/shop-groceries-beverages-coffee-coffeecapsules,2025-12,2025-11,320.0,399,124.69%,normal
SG,LAZ,https://www.lazada.sg/shop-groceries-beverages-coffee-groundcoffee,2025-12,2025-11,281.0,328,116.73%,normal
SG,LAZ,https://www.lazada.sg/shop-groceries-beverages-coffee-instantcoffee,2025-12,2025-11,399.0,360,90.23%,normal
SG,LAZ,https://www.lazada.sg/shop-groceries-beverages-coffee-readytodrinkcoffee,2025-12,2025-11,337.0,340,100.89%,normal
SG,LAZ,https://www.lazada.sg/shop-groceries-beverages-uht-milk-milk-powder-condensed-milk,2025-12,2025-11,199.0,180,90.45%,normal
SG,LAZ,https://www.lazada.sg/shop-groceries-chocolatesnackssweets-sweets-chewycandy,2025-12,2025-11,356.0,301,84.55%,normal
SG,LAZ,https://www.lazada.sg/shop-groceries-dairychilled-freshmilk,2025-12,2025-11,280.0,233,83.21%,normal
SG,LAZ,https://www.lazada.sg/shop-groceries-dairychilled-readymealsreadytocook-chilledreadymeals,2025-12,2025-11,356.0,271,76.12%,abnormal-drop
SG,LAZ,https://www.lazada.sg/shop-groceries-foodstaplescookingessentials-cannedfood,2025-12,2025-11,341.0,325,95.31%,normal
SG,LAZ,https://www.lazada.sg/shop-growth-milk,2025-12,2025-11,251.0,330,131.47%,normal
SG,LAZ,https://www.lazada.sg/shop-hb-sanitary-napkins/?,2025-12,2025-11,360.0,369,102.5%,normal
SG,LAZ,https://www.lazada.sg/shop-infant-milk,2025-12,2025-11,158.0,159,100.63%,normal
SG,LAZ,https://www.lazada.sg/shop-maternal-milk,2025-12,2025-11,245.0,240,97.96%,normal
SG,LAZ,https://www.lazada.sg/shop-sugar,2025-12,2025-11,320.0,322,100.63%,normal
SG,LAZ,https://www.lazada.sg/shop-toddler-milk,2025-12,2025-11,317.0,334,105.36%,normal
SG,LAZ,https://www.lazada.sg/shop-uht-milk-ready-to-drink,2025-12,2025-11,440.0,359,81.59%,normal
SG,LAZ,https://www.lazada.sg/shop-well-being,2025-12,2025-11,357.0,360,100.84%,normal
SG,SHP,https://shopee.sg/Baby-Food-cat.11011538.11011639.11011650,2025-12,2025-11,300.0,416,138.67%,normal
SG,SHP,https://shopee.sg/Baby-Wipes-cat.11011538.11011584.11011588,2025-12,2025-11,300.0,402,134.0%,normal
SG,SHP,https://shopee.sg/Candy-cat.11011871.11011998.11012006,2025-12,2025-11,300.0,396,132.0%,normal
SG,SHP,https://shopee.sg/Canned-Dried-Food-cat.11011871.11011936.11011942,2025-12,2025-11,300.0,440,146.67%,normal
SG,SHP,https://shopee.sg/Cat-Food-Treats-cat.11012453.11027603.11027606,2025-12,2025-11,300.0,466,155.33%,normal
SG,SHP,https://shopee.sg/Chocolate-cat.11011871.11011998.11012005,2025-12,2025-11,300.0,335,111.67%,normal
SG,SHP,https://shopee.sg/Coffee-Machines-cat.11027421.11027457.11027468,2025-12,2025-11,359.0,405,112.81%,normal
SG,SHP,https://shopee.sg/Coffee-cat.11011871.11011889.11011900,2025-12,2025-11,300.0,420,140.0%,normal
SG,SHP,https://shopee.sg/Dairy-Eggs-Chilled-Food-cat.11011871.11011925,2025-12,2025-11,300.0,371,123.67%,normal
SG,SHP,https://shopee.sg/Disposable-Diapers-cat.11011538.11011614.11011616,2025-12,2025-11,359.0,441,122.84%,normal
SG,SHP,https://shopee.sg/Dog-Food-Treats-cat.11012453.11027603.11027605,2025-12,2025-11,300.0,472,157.33%,normal
SG,SHP,https://shopee.sg/Frozen-Food-cat.11011871.11011956,2025-12,2025-11,358.0,434,121.23%,normal
SG,SHP,https://shopee.sg/Health-Wellness-cat.11027491,2025-12,2025-11,300.0,302,100.67%,normal
SG,SHP,https://shopee.sg/Infant-Milk-Formula-cat.11011538.11059285,2025-12,2025-11,300.0,334,111.33%,normal
SG,SHP,https://shopee.sg/Instant-Drink-cat.11011871.11011889.11011897,2025-12,2025-11,300.0,396,132.0%,normal
SG,SHP,https://shopee.sg/Maternal-Milk-cat.11011538.11011731.11011737,2025-12,2025-11,145.0,133,91.72%,normal
SG,SHP,https://shopee.sg/Milk-Formula-(1-year-)-cat.11011538.11011731,2025-12,2025-11,300.0,431,143.67%,normal
SG,SHP,https://shopee.sg/Pet-Cleaning-Bath-Needs-cat.11012453.11027618.11027620,2025-12,2025-11,300.0,430,143.33%,normal
SG,SHP,https://shopee.sg/Sanitary-Pads-Pantyliners-cat.11012301.11012345.11012348,2025-12,2025-11,300.0,445,148.33%,normal
SG,SHP,https://shopee.sg/Yogurt-Cultured-Milk-cat.11011871.11011925.11011928,2025-12,2025-11,257.0,146,56.81%,abnormal-drop
TH,LAZ,https://www.lazada.co.th/shop-Groceries-ChocolateSnacksSweets-Chocolate,2025-12,2025-11,400.0,400,100.0%,normal
TH,LAZ,https://www.lazada.co.th/shop-Groceries-ChocolateSnacksSweets-Mints,2025-12,2025-11,400.0,439,109.75%,normal
TH,LAZ,https://www.lazada.co.th/shop-baby-food,2025-12,2025-11,320.0,440,137.5%,normal
TH,LAZ,https://www.lazada.co.th/shop-cat-food,2025-12,2025-11,361.0,360,99.72%,normal
TH,LAZ,https://www.lazada.co.th/shop-cat-litter,2025-12,2025-11,360.0,432,120.0%,normal
TH,LAZ,https://www.lazada.co.th/shop-coffee,2025-12,2025-11,320.0,360,112.5%,normal
TH,LAZ,https://www.lazada.co.th/shop-coffee-machines,2025-12,2025-11,320.0,400,125.0%,normal
TH,LAZ,https://www.lazada.co.th/shop-diapers/,2025-12,2025-11,316.0,359,113.61%,normal
TH,LAZ,https://www.lazada.co.th/shop-dog-food,2025-12,2025-11,442.0,360,81.45%,normal
TH,LAZ,https://www.lazada.co.th/shop-followon-milk-formula,2025-12,2025-11,321.0,341,106.23%,normal
TH,LAZ,https://www.lazada.co.th/shop-green-black-&-classic-tea,2025-12,2025-11,314.0,399,127.07%,normal
TH,LAZ,https://www.lazada.co.th/shop-groceries-beverages-coffee-coffeecapsules,2025-12,2025-11,320.0,360,112.5%,normal
TH,LAZ,https://www.lazada.co.th/shop-groceries-beverages-coffee-groundcoffee,2025-12,2025-11,320.0,400,125.0%,normal
TH,LAZ,https://www.lazada.co.th/shop-groceries-beverages-coffee-instantcoffee,2025-12,2025-11,320.0,400,125.0%,normal
TH,LAZ,https://www.lazada.co.th/shop-groceries-beverages-coffee-readytodrinkcoffee,2025-12,2025-11,320.0,401,125.31%,normal
TH,LAZ,https://www.lazada.co.th/shop-groceries-beverages-uht-milk-milk-powder-condensed-milk,2025-12,2025-11,280.0,305,108.93%,normal
TH,LAZ,https://www.lazada.co.th/shop-groceries-chocolatesnackssweets-sweets-chewycandy,2025-12,2025-11,438.0,480,109.59%,normal
TH,LAZ,https://www.lazada.co.th/shop-groceries-chocolatesnackssweets-sweets-gummysweets,2025-12,2025-11,360.0,400,111.11%,normal
TH,LAZ,https://www.lazada.co.th/shop-groceries-dairychilled-freshmilk,2025-12,2025-11,320.0,400,125.0%,normal
TH,LAZ,https://www.lazada.co.th/shop-groceries-dairychilled-readymealsreadytocook-chilledreadymeals,2025-12,2025-11,320.0,520,162.5%,normal
TH,LAZ,https://www.lazada.co.th/shop-groceries-foodstaplescookingessentials-cannedfood,2025-12,2025-11,320.0,360,112.5%,normal
TH,LAZ,https://www.lazada.co.th/shop-growth-milk-formula,2025-12,2025-11,213.0,225,105.63%,normal
TH,LAZ,https://www.lazada.co.th/shop-health-well-being,2025-12,2025-11,400.0,360,90.0%,normal
TH,LAZ,https://www.lazada.co.th/shop-healthbeauty-personalcare-femininecare-sanitarypanties/,2025-12,2025-11,378.0,205,54.23%,abnormal-drop
TH,LAZ,https://www.lazada.co.th/shop-hot-chocolate,2025-12,2025-11,320.0,405,126.56%,normal
TH,LAZ,https://www.lazada.co.th/shop-infant-milk-formula,2025-12,2025-11,319.0,360,112.85%,normal
TH,LAZ,https://www.lazada.co.th/shop-maternal-milk-formula,2025-12,2025-11,80.0,72,90.0%,normal
TH,LAZ,https://www.lazada.co.th/shop-milk-formula-and-baby-food,2025-12,2025-11,320.0,400,125.0%,normal
TH,LAZ,https://www.lazada.co.th/shop-senior-health/?spm=a2o4m.pdp_revamp.breadcrumb.2.4a2f7c380Kih00,2025-12,2025-11,400.0,400,100.0%,normal
TH,LAZ,https://www.lazada.co.th/shop-sugar,2025-12,2025-11,360.0,400,111.11%,normal
TH,LAZ,https://www.lazada.co.th/shop-toddler-milk-1-under-3-yrs,2025-12,2025-11,320.0,332,103.75%,normal
TH,LAZ,https://www.lazada.co.th/shop-uht-milk-ready-to-drink,2025-12,2025-11,320.0,400,125.0%,normal
TH,LAZ,https://www.lazada.co.th/shop-wipes,2025-12,2025-11,336.0,320,95.24%,normal
TH,SHP,https://shopee.co.th/Adult-Diapers-cat.11044942.11045039.11045297,2025-12,2025-11,300.0,468,156.0%,normal
TH,SHP,https://shopee.co.th/Baby-milk-and-food-for-infant-cat.11044960.11045223,2025-12,2025-11,300.0,387,129.0%,normal
TH,SHP,https://shopee.co.th/Baby-milk-and-food-for-kids-above-1-year-cat.11044960.11045222,2025-12,2025-11,300.0,451,150.33%,normal
TH,SHP,https://shopee.co.th/Canned-Food-cat.11044943.11045050.11045350,2025-12,2025-11,300.0,375,125.0%,normal
TH,SHP,https://shopee.co.th/Cat-Treats-cat.11044947.11045086.11045478,2025-12,2025-11,300.0,455,151.67%,normal
TH,SHP,https://shopee.co.th/Chocolate-Drinks-cat.11044943.11045054.11045384,2025-12,2025-11,300.0,402,134.0%,normal
TH,SHP,https://shopee.co.th/Chocolate-cat.11044943.11045055.11045395,2025-12,2025-11,300.0,404,134.67%,normal
TH,SHP,https://shopee.co.th/Coffee-Machines-Accessories-cat.11044955.11045170.11045749,2025-12,2025-11,300.0,391,130.33%,normal
TH,SHP,https://shopee.co.th/Coffee-cat.11044943.11045054.11045385,2025-12,2025-11,300.0,444,148.0%,normal
TH,SHP,https://shopee.co.th/Dairy-Eggs-cat.11044943.11045051,2025-12,2025-11,300.0,428,142.67%,normal
TH,SHP,https://shopee.co.th/Diapers-Wipes-cat.11044960.11045218,2025-12,2025-11,300.0,402,134.0%,normal
TH,SHP,https://shopee.co.th/Dog-Food-cat.11044947.11045086.11045471,2025-12,2025-11,300.0,452,150.67%,normal
TH,SHP,https://shopee.co.th/Fresh-Frozen-Food-cat.11044943.11045047,2025-12,2025-11,300.0,409,136.33%,normal
TH,SHP,https://shopee.co.th/Health-Wellness-cat.11044942,2025-12,2025-11,300.0,393,131.0%,normal
TH,SHP,https://shopee.co.th/Litter-Toilet-cat.11044947.11045088,2025-12,2025-11,300.0,347,115.67%,normal
TH,SHP,https://shopee.co.th/Maternity-Formula-cat.11044960.11045228.11046168,2025-12,2025-11,202.0,225,111.39%,normal
TH,SHP,https://shopee.co.th/Snacks-cat.11044943.11045055,2025-12,2025-11,300.0,419,139.67%,normal
TH,SHP,https://shopee.co.th/Sweets-Candy-cat.11044943.11045055.11045389,2025-12,2025-11,300.0,443,147.67%,normal
TH,SHP,https://shopee.co.th/Tape-Pants-Disposable-Diapers-cat.11044960.11045218.11046127,2025-12,2025-11,300.0,407,135.67%,normal
TH,SHP,https://shopee.co.th/Tea-Tea-Bags-cat.11044943.11045054.11045381,2025-12,2025-11,300.0,457,152.33%,normal
TH,SHP,https://shopee.co.th/Wet-Wipes-cat.11044960.11045218.11046128,2025-12,2025-11,300.0,440,146.67%,normal
TH,SHP,https://shopee.co.th/Women's-Hygiene-cat.11044959.11045210.11046082,2025-12,2025-11,300.0,458,152.67%,normal
TH,SHP,https://shopee.co.th/Yogurt-Cultured-Milk-cat.11044943.11045051.11045356,2025-12,2025-11,300.0,395,131.67%,normal
TW,SHP,https://shopee.tw/Imported-Snacks-cat.11040483.11042031,2025-12,2025-11,0.0,361,-,new-in-latest
TW,SHP,https://shopee.tw/Pets-cat.11040647,2025-12,2025-11,0.0,392,-,new-in-latest
VN,LAZ,https://www.lazada.vn/bach-hoa-online-sua-dac,2025-12,2025-11,321.0,360,112.15%,normal
VN,LAZ,https://www.lazada.vn/ca-phe,2025-12,2025-11,320.0,398,124.37%,normal
VN,LAZ,https://www.lazada.vn/cat-ve-sinh-meo,2025-12,2025-11,360.0,364,101.11%,normal
VN,LAZ,https://www.lazada.vn/cham-soc-cho-nguoi-cao-tuoi/?spm=a2o4n.pdp_revamp.breadcrumb.2.46124fe0gXXZbS,2025-12,2025-11,381.0,440,115.49%,normal
VN,LAZ,https://www.lazada.vn/cham-soc-suc-khoe,2025-12,2025-11,320.0,400,125.0%,normal
VN,LAZ,https://www.lazada.vn/khan-uot/,2025-12,2025-11,361.0,400,110.8%,normal
VN,LAZ,https://www.lazada.vn/mua-may-pha-cafe,2025-12,2025-11,320.0,434,135.62%,normal
VN,LAZ,https://www.lazada.vn/san-pham-sua-cho-me,2025-12,2025-11,320.0,400,125.0%,normal
VN,LAZ,https://www.lazada.vn/shop-bang-ve-sinh/?,2025-12,2025-11,189.0,182,96.3%,normal
VN,LAZ,https://www.lazada.vn/shop-ca-phe-pha-san,2025-12,2025-11,320.0,400,125.0%,normal
VN,LAZ,https://www.lazada.vn/shop-ca-phe-uong-lien,2025-12,2025-11,320.0,400,125.0%,normal
VN,LAZ,https://www.lazada.vn/shop-ca-phe-vien-nen,2025-12,2025-11,320.0,360,112.5%,normal
VN,LAZ,https://www.lazada.vn/shop-ca-phe-xay,2025-12,2025-11,320.0,400,125.0%,normal
VN,LAZ,https://www.lazada.vn/shop-do-hop,2025-12,2025-11,320.0,440,137.5%,normal
VN,LAZ,https://www.lazada.vn/shop-green-black-&-classic-tea,2025-12,2025-11,323.0,360,111.46%,normal
VN,LAZ,https://www.lazada.vn/shop-hot-chocolate,2025-12,2025-11,319.0,399,125.08%,normal
VN,LAZ,https://www.lazada.vn/shop-keo-bac-ha,2025-12,2025-11,439.0,399,90.89%,normal
VN,LAZ,https://www.lazada.vn/shop-keo-chewy,2025-12,2025-11,360.0,400,111.11%,normal
VN,LAZ,https://www.lazada.vn/shop-keo-deo,2025-12,2025-11,350.0,360,102.86%,normal
VN,LAZ,https://www.lazada.vn/shop-mon-an-nau-san,2025-12,2025-11,320.0,400,125.0%,normal
VN,LAZ,https://www.lazada.vn/shop-so-co-la,2025-12,2025-11,320.0,322,100.63%,normal
VN,LAZ,https://www.lazada.vn/shop-sua-tuoi,2025-12,2025-11,320.0,398,124.37%,normal
VN,LAZ,https://www.lazada.vn/shop-sugar,2025-12,2025-11,320.0,313,97.81%,normal
VN,LAZ,https://www.lazada.vn/shop-uht-milk-ready-to-drink,2025-12,2025-11,320.0,400,125.0%,normal
VN,LAZ,https://www.lazada.vn/sua-bot-cho-be,2025-12,2025-11,320.0,360,112.5%,normal
VN,LAZ,https://www.lazada.vn/sua-cho-be-so-sinh,2025-12,2025-11,313.0,312,99.68%,normal
VN,LAZ,https://www.lazada.vn/sua-cho-tre-6-12-thang-tuoi,2025-12,2025-11,172.0,154,89.53%,normal
VN,LAZ,https://www.lazada.vn/sua-cho-tre-tap-di-tu-1-3-tuoi,2025-12,2025-11,258.0,298,115.5%,normal
VN,LAZ,https://www.lazada.vn/sua-cho-tre-tu-1-3-tuoi,2025-12,2025-11,310.0,360,116.13%,normal
VN,LAZ,https://www.lazada.vn/ta-giay/,2025-12,2025-11,400.0,440,110.0%,normal
VN,LAZ,https://www.lazada.vn/thuc-an-cho-be,2025-12,2025-11,320.0,400,125.0%,normal
VN,LAZ,https://www.lazada.vn/thuc-an-cho-cho,2025-12,2025-11,400.0,400,100.0%,normal
VN,LAZ,https://www.lazada.vn/thuc-an-cho-meo,2025-12,2025-11,320.0,407,127.19%,normal
VN,SHP,https://shopee.vn/Adult-Diapers-Incontinence-cat.11036345.11036370,2025-12,2025-11,357.0,455,127.45%,normal
VN,SHP,https://shopee.vn/Baby-Food-cat.11036194.11036248,2025-12,2025-11,300.0,272,90.67%,normal
VN,SHP,https://shopee.vn/Baby-Vitamins-Supplements-cat.11036194.11036253.11036254,2025-12,2025-11,300.0,416,138.67%,normal
VN,SHP,https://shopee.vn/Canned-Food-cat.11036525.11036544.11036549,2025-12,2025-11,300.0,416,138.67%,normal
VN,SHP,https://shopee.vn/Cat-Treats-cat.11036478.11036479.11036483,2025-12,2025-11,300.0,368,122.67%,normal
VN,SHP,https://shopee.vn/Chocolate-Drinks-cat.11036525.11036576.11036579,2025-12,2025-11,300.0,416,138.67%,normal
VN,SHP,https://shopee.vn/Chocolate-cat.11036525.11036532.11036534,2025-12,2025-11,300.0,410,136.67%,normal
VN,SHP,https://shopee.vn/Coffee-cat.11036525.11036576.11036577,2025-12,2025-11,300.0,329,109.67%,normal
VN,SHP,https://shopee.vn/Dairy-Eggs-cat.11036525.11036591,2025-12,2025-11,300.0,428,142.67%,normal
VN,SHP,https://shopee.vn/Disposable-Diapers-cat.11036194.11036260.11036263,2025-12,2025-11,300.0,160,53.33%,abnormal-drop
VN,SHP,https://shopee.vn/Dog-Treats-cat.11036478.11036479.11036481,2025-12,2025-11,300.0,433,144.33%,normal
VN,SHP,https://shopee.vn/Fresh-Frozen-Food-cat.11036525.11036601,2025-12,2025-11,300.0,458,152.67%,normal
VN,SHP,https://shopee.vn/Litter-Toilet-cat.11036478.11036498,2025-12,2025-11,300.0,442,147.33%,normal
VN,SHP,https://shopee.vn/M%C3%A1y-pha-c%C3%A0-ph%C3%AA-cat.11036971.11036972.11036988,2025-12,2025-11,300.0,430,143.33%,normal
VN,SHP,https://shopee.vn/Maternity-Milk-cat.11036194.11036217.11036218,2025-12,2025-11,300.0,371,123.67%,normal
VN,SHP,https://shopee.vn/Milk-24-months-and-ups-cat.11036194.11059299,2025-12,2025-11,300.0,374,124.67%,normal
VN,SHP,https://shopee.vn/Milk-Formula-0-24-months-cat.11036194.11059300,2025-12,2025-11,300.0,422,140.67%,normal
VN,SHP,https://shopee.vn/Milk-cat.11036525.11036591.11036592?facet=101593&page=0&sortBy=sales,2025-12,2025-11,300.0,440,146.67%,normal
VN,SHP,https://shopee.vn/Sanitary-Napkins-Panty-Liners-cat.11036279.11111647.11111657,2025-12,2025-11,300.0,431,143.67%,normal
VN,SHP,https://shopee.vn/Snacks-cat.11036525.11036532,2025-12,2025-11,300.0,33,11.0%,abnormal-drop
VN,SHP,https://shopee.vn/Sweets-Candy-cat.11036525.11036532.11036533,2025-12,2025-11,300.0,438,146.0%,normal
VN,SHP,https://shopee.vn/Tea-Tea-Bags-cat.11036525.11036576.11036578,2025-12,2025-11,300.0,397,132.33%,normal
VN,SHP,https://shopee.vn/Wipes-cat.11036194.11036222.11036230,2025-12,2025-11,300.0,201,67.0%,abnormal-drop
VN,SHP,https://shopee.vn/Yogurt-Cultured-Milk-cat.11036525.11036591.11036593,2025-12,2025-11,300.0,423,141.0%,normal
