country,platform,month_latest,month_prev,seller_used_id,seller_name,abnormal_type,computation_label_prev,computation_label_latest,has_S1_prev,has_S1_latest,has_S3_prev,has_S3_latest,historical_quantity_prev,historical_quantity_latest,historical_review_prev,historical_review_latest,final_asp_prev,final_asp_latest
PH,LAZ,2025-11,2025-10,PH.LAZ.100000105,,source-switch,S5,S4,False,False,False,False,60000.0,300000.0,263.0,246.0,630.7962962962963,632.8207547169811
PH,LAZ,2025-11,2025-10,PH.LAZ.100000393,,source-switch,S3,S5,False,False,True,False,67399.0,67507.0,9118.0,9149.0,115.0,91.52499999999999
PH,LAZ,2025-11,2025-10,PH.LAZ.1000005700,,source-switch,S3,S5,False,False,True,False,21308.0,21359.0,4817.0,4842.0,226.28,226.28
PH,LAZ,2025-11,2025-10,PH.LAZ.1000008730,,spike-out-trend,S5,S5,False,False,True,False,4181.0,11325.0,949.0,3043.0,139.39999999999998,185.356
PH,LAZ,2025-11,2025-10,PH.LAZ.1000025509,,source-switch,S3,S5,False,False,True,False,1574.0,8788.0,308.0,3304.0,65.0,150.68375
PH,LAZ,2025-11,2025-10,PH.LAZ.1000069993,,source-switch,S3,S5,False,False,True,False,448.0,2498.0,114.0,715.0,736.0,871.0
PH,LAZ,2025-11,2025-10,PH.LAZ.1000072070,,source-switch,S3,S5,False,False,True,False,165.0,731.0,35.0,151.0,550.0,333.8
PH,LAZ,2025-11,2025-10,PH.LAZ.1000073624,,base-effect,S5,S5,False,False,False,False,257.0,435.0,28.0,65.0,33.0,46.0
PH,LAZ,2025-11,2025-10,PH.LAZ.1000078315,,source-switch,S3,S5,False,False,True,False,5150.0,5182.0,511.0,1720.0,46.95,63.64666666666667
PH,LAZ,2025-11,2025-10,PH.LAZ.1000093070,,base-effect,S5,S5,False,False,False,False,28.0,150.0,10.0,36.0,60.0,92.5
PH,LAZ,2025-11,2025-10,PH.LAZ.1000119529,,spike-out-trend,S5,S5,False,False,True,False,19382.0,19422.0,2569.0,2582.0,79.66833333333334,76.8
PH,LAZ,2025-11,2025-10,PH.LAZ.1000119565,,source-switch,S3,S5,False,False,True,False,2163.0,2178.0,553.0,556.0,200.0,200.0
PH,LAZ,2025-11,2025-10,PH.LAZ.100012296,,source-switch,S2,S5,False,False,False,False,1684.0,1811.0,161.0,384.0,899.0,1049.0
PH,LAZ,2025-11,2025-10,PH.LAZ.1000127791,,spike-out-trend,S5,S5,False,False,False,False,450.0,2004.0,97.0,517.0,49.0,36.125
PH,LAZ,2025-11,2025-10,PH.LAZ.1000130322,,spike-out-trend,S5,S5,False,False,False,False,82.0,7498.0,30.0,1448.0,55.0,75.77799999999999
PH,LAZ,2025-11,2025-10,PH.LAZ.1000149304,,spike-out-trend,S5,S5,False,False,True,False,62994.0,63125.0,11202.0,11228.0,382.8075,449.0
PH,LAZ,2025-11,2025-10,PH.LAZ.1000156472,,source-switch,S2,S5,False,False,False,False,869.0,870.0,128.0,128.0,555.0,555.0
PH,LAZ,2025-11,2025-10,PH.LAZ.1000163522,,source-switch,S3,S5,False,False,True,False,29504.0,29596.0,4825.0,4837.0,203.7,304.5
PH,LAZ,2025-11,2025-10,PH.LAZ.1000164224,,base-effect,S5,S5,False,False,False,False,78.0,80.0,21.0,31.0,60.0,74.6
PH,LAZ,2025-11,2025-10,PH.LAZ.100022033,,source-switch,S3,S5,False,False,True,False,30186.0,30300.0,9063.0,9093.0,289.0,179.0
PH,LAZ,2025-11,2025-10,PH.LAZ.1000255964,,source-switch,S3,S5,False,False,True,False,5333.0,5419.0,917.0,938.0,61.0,69.0
PH,LAZ,2025-11,2025-10,PH.LAZ.1000256920,,source-switch,S3,S5,False,False,True,False,8017.0,8050.0,1542.0,1546.0,76.63,89.0
PH,LAZ,2025-11,2025-10,PH.LAZ.1000267481,,base-effect,S2,S5,False,False,False,False,18699.0,18706.0,630.0,631.0,8.73,139.0
PH,LAZ,2025-11,2025-10,PH.LAZ.1000271587,,source-switch,S2,S5,False,False,False,False,320.0,2221.0,69.0,447.0,189.04,233.04999999999998
PH,LAZ,2025-11,2025-10,PH.LAZ.1000272622,,source-switch,S3,S5,False,False,True,False,11998.0,12017.0,2045.0,2051.0,76.0,79.0
PH,LAZ,2025-11,2025-10,PH.LAZ.1000275163,,spike-out-trend,S5,S5,False,False,False,False,132.0,238.0,48.0,59.0,175.31,325.00333333333333
PH,LAZ,2025-11,2025-10,PH.LAZ.1000320305,,spike-out-trend,S5,S5,False,False,False,False,106.0,389.0,33.0,117.0,5065.666666666667,4010.0
PH,LAZ,2025-11,2025-10,PH.LAZ.1000324707,,spike-out-trend,S5,S5,False,False,True,False,6542.0,26226.0,1912.0,3989.0,220.19999999999996,160.48624999999998
PH,LAZ,2025-11,2025-10,PH.LAZ.1000338906,,base-effect,S5,S5,False,False,False,False,115.0,165.0,19.0,28.0,58.085,72.0
PH,LAZ,2025-11,2025-10,PH.LAZ.100034387,,spike-out-trend,S5,S5,False,False,False,False,4895.0,4927.0,667.0,1057.0,29.61,70.86800000000001
PH,LAZ,2025-11,2025-10,PH.LAZ.1000350212,,source-switch,S3,S5,False,False,True,False,119.0,44559.0,33.0,9746.0,110.975,83.405
PH,LAZ,2025-11,2025-10,PH.LAZ.1000351620,,spike-out-trend,S5,S5,False,False,False,False,969.0,5614.0,276.0,1639.0,140.0,215.0
PH,LAZ,2025-11,2025-10,PH.LAZ.1000357220,,source-switch,S3,S5,False,False,True,False,21053.0,21199.0,5576.0,5607.0,73.63,89.0
PH,LAZ,2025-11,2025-10,PH.LAZ.1000368412,,source-switch,S3,S6,False,False,True,False,117680.0,117815.0,20813.0,20868.0,602.6666666666666,996.0918367346939
PH,LAZ,2025-11,2025-10,PH.LAZ.100037696,,source-switch,S3,S5,False,False,True,False,4174.0,7767.0,695.0,1559.0,219.33,7283.710000000001
PH,LAZ,2025-11,2025-10,PH.LAZ.100047415,,spike-out-trend,S5,S5,False,False,False,False,84.0,129.0,14.0,34.0,540.2,483.25
PH,LAZ,2025-11,2025-10,PH.LAZ.1000474490,,source-switch,S3,S5,False,False,True,False,1855.0,1881.0,391.0,401.0,171.75,229.0
PH,LAZ,2025-11,2025-10,PH.LAZ.100048299,,spike-out-trend,S5,S5,False,False,True,False,34333.0,37424.0,5613.0,5665.0,190.07,155.49729729729728
PH,LAZ,2025-11,2025-10,PH.LAZ.1000521008,,source-switch,S3,S5,False,False,True,False,2153.0,3608.0,335.0,503.0,2486.3999999999996,1823.5714285714287
PH,LAZ,2025-11,2025-10,PH.LAZ.100071509,,source-switch,S6,S5,False,False,True,False,49350.0,49500.0,7243.0,7292.0,794.1354166666666,823.4198148148148
PH,LAZ,2025-11,2025-10,PH.LAZ.100107923,,spike-out-trend,S5,S5,False,False,False,False,201.0,429.0,60.0,110.0,1024.575,942.5727272727272
PH,LAZ,2025-11,2025-10,PH.LAZ.100117440,,source-switch,S3,S5,False,False,True,False,1003.0,7706.0,369.0,1395.0,2208.0,805.925925925926
PH,LAZ,2025-11,2025-10,PH.LAZ.100127179,,source-switch,S3,S5,False,False,True,False,84273.0,85028.0,9221.0,9320.0,136.68333333333334,150.28256410256412
PH,LAZ,2025-11,2025-10,PH.LAZ.100135121,,source-switch,S3,S5,False,False,True,False,7511.0,7545.0,1607.0,1624.0,59.0,117.0
PH,LAZ,2025-11,2025-10,PH.LAZ.100138628,,source-switch,S3,S5,False,False,True,False,59238.0,60016.0,19441.0,19719.0,3561.1111111111113,3561.1111111111113
PH,LAZ,2025-11,2025-10,PH.LAZ.100138658,,source-switch,S3,S5,False,False,True,False,952.0,2572.0,222.0,452.0,159.0,68.475
PH,LAZ,2025-11,2025-10,PH.LAZ.100154960,,source-switch,S3,S5,False,False,True,False,3825.0,3836.0,659.0,663.0,59.0,59.0
PH,LAZ,2025-11,2025-10,PH.LAZ.100157645,,spike-out-trend,S5,S5,False,False,False,False,354.0,531.0,66.0,100.0,130.95,300.0
PH,LAZ,2025-11,2025-10,PH.LAZ.13,,source-switch,S3,S5,False,False,True,False,114948.0,115119.0,28066.0,28144.0,39.2,88.30333333333333
PH,LAZ,2025-11,2025-10,PH.LAZ.1466,,source-switch,S3,S5,False,False,True,False,74.0,995.0,27.0,374.0,344.35,575.62
PH,LAZ,2025-11,2025-10,PH.LAZ.15922,,spike-out-trend,S5,S5,False,False,False,False,259.0,1102.0,38.0,293.0,175.34,256.47166666666664
PH,LAZ,2025-11,2025-10,PH.LAZ.1670,,source-switch,S3,S5,False,False,True,False,10396.0,22393.0,1280.0,2711.0,32.98,103.37899999999999
PH,LAZ,2025-11,2025-10,PH.LAZ.19135,,spike-out-trend,S5,S5,False,False,True,False,14081.0,14130.0,3881.0,3894.0,113.49,231.3488888888889
PH,LAZ,2025-11,2025-10,PH.LAZ.24274,,source-switch,S3,S5,False,False,True,False,25771.0,25818.0,7520.0,7534.0,457.0,457.0
PH,LAZ,2025-11,2025-10,PH.LAZ.500157591428,,spike-out-trend,S5,S5,False,False,False,False,157.0,5946.0,44.0,1053.0,227.05,134.51666666666668
PH,LAZ,2025-11,2025-10,PH.LAZ.500157771224,,source-switch,S3,S5,False,False,True,False,10594.0,10647.0,2002.0,2007.0,550.0,537.5
PH,LAZ,2025-11,2025-10,PH.LAZ.500158491718,,source-switch,S3,S5,False,False,True,False,3953.0,4682.0,738.0,999.0,2159.2,2049.0
PH,LAZ,2025-11,2025-10,PH.LAZ.500159841018,,spike-out-trend,S5,S5,False,False,False,False,34.0,973.0,13.0,162.0,175.0,79.0
PH,LAZ,2025-11,2025-10,PH.LAZ.500160921120,,source-switch,S2,S5,False,False,False,False,377.0,382.0,91.0,92.0,559.0,559.0
PH,LAZ,2025-11,2025-10,PH.LAZ.500161128199,,source-switch,S3,S5,False,False,True,False,1040.0,28839.0,150.0,3028.0,55.0,128.0
PH,LAZ,2025-11,2025-10,PH.LAZ.500161368374,,source-switch,S3,S5,False,False,True,False,2518.0,2532.0,464.0,466.0,188.0,188.0
PH,LAZ,2025-11,2025-10,PH.LAZ.500162223238,,source-switch,S3,S5,False,False,True,False,12524.0,12600.0,3741.0,3776.0,199.2,1039.5
PH,LAZ,2025-11,2025-10,PH.LAZ.500163078139,,source-switch,S3,S5,False,False,True,False,26116.0,26383.0,3075.0,3104.0,29.585,99.63444444444445
PH,LAZ,2025-11,2025-10,PH.LAZ.500163276004,,spike-out-trend,S5,S5,False,False,False,False,144.0,390.0,29.0,100.0,390.0,317.5
PH,LAZ,2025-11,2025-10,PH.LAZ.500163726071,,source-switch,S2,S5,False,False,False,False,91.0,1023.0,15.0,273.0,150.0,120.0
PH,LAZ,2025-11,2025-10,PH.LAZ.500163798235,,base-effect,S2,S5,False,False,False,False,2849.0,2851.0,659.0,663.0,45.0,49.0
PH,LAZ,2025-11,2025-10,PH.LAZ.500164425160,,spike-out-trend,S5,S5,False,False,False,False,1713.0,67686.0,307.0,5958.0,94.735,116.574
PH,LAZ,2025-11,2025-10,PH.LAZ.500165229270,,source-switch,S3,S5,False,False,True,False,5566.0,19509.0,1534.0,5029.0,179.0,136.25
PH,LAZ,2025-11,2025-10,PH.LAZ.500165430082,,spike-out-trend,S5,S5,False,False,False,False,402.0,6260.0,73.0,1893.0,100.0,103.33333333333333
PH,LAZ,2025-11,2025-10,PH.LAZ.500166672350,,source-switch,S2,S5,False,False,False,False,290.0,1243.0,90.0,311.0,89.0,170.05
PH,LAZ,2025-11,2025-10,PH.LAZ.500167200014,,spike-out-trend,S5,S5,False,False,False,False,6352.0,66031.0,860.0,12582.0,58.0,70.0
PH,LAZ,2025-11,2025-10,PH.LAZ.500167224174,,spike-out-trend,S5,S5,False,False,False,False,57.0,2955.0,13.0,631.0,185.0,128.875
PH,LAZ,2025-11,2025-10,PH.LAZ.500168322018,,base-effect,S5,S5,False,False,False,False,653.0,29341.0,114.0,3149.0,93.0,59.2
PH,LAZ,2025-11,2025-10,PH.LAZ.500168886144,,source-switch,S3,S5,False,False,True,False,7329.0,7561.0,1273.0,1313.0,75.0,216.0
PH,LAZ,2025-11,2025-10,PH.LAZ.500169324068,,spike-out-trend,S5,S5,False,False,False,False,14015.0,14124.0,3707.0,3744.0,249.0,719.0
PH,LAZ,2025-11,2025-10,PH.LAZ.500169450169,,source-switch,S2,S5,False,False,True,False,2340.0,5205.0,367.0,731.0,108.96333333333332,102.33333333333333
PH,LAZ,2025-11,2025-10,PH.LAZ.500170146167,,base-effect,S5,S5,False,False,False,False,965.0,975.0,77.0,77.0,10.0,432.0
PH,LAZ,2025-11,2025-10,PH.LAZ.500170827620,,source-switch,S3,S5,False,False,True,False,179.0,8169.0,64.0,1276.0,96.03,99.0
PH,LAZ,2025-11,2025-10,PH.LAZ.500170839745,,source-switch,S3,S5,False,False,True,False,1052.0,5846.0,318.0,1713.0,130.0,192.5
PH,LAZ,2025-11,2025-10,PH.LAZ.500171445763,,source-switch,S3,S5,False,False,True,False,1257.0,1264.0,405.0,408.0,250.0,203.33333333333334
PH,LAZ,2025-11,2025-10,PH.LAZ.500171469683,,source-switch,S3,S5,False,False,True,False,146381.0,146646.0,29369.0,29446.0,149.0,146.71428571428572
PH,LAZ,2025-11,2025-10,PH.LAZ.500171595075,,source-switch,S3,S5,False,False,True,False,109679.0,109775.0,15851.0,15881.0,284.3333333333333,298.6
PH,LAZ,2025-11,2025-10,PH.LAZ.500172027008,,base-effect,S4,S5,False,False,False,False,28.0,182.0,,7.0,71.0,104.28571428571429
PH,LAZ,2025-11,2025-10,PH.LAZ.500172285134,,source-switch,S2,S5,False,False,False,False,528.0,528.0,134.0,134.0,899.0,899.0
PH,LAZ,2025-11,2025-10,PH.LAZ.500172417149,,source-switch,S6,S5,False,False,True,False,307927.0,308000.0,79010.0,79018.0,297.0307051282051,357.9507124681934
PH,LAZ,2025-11,2025-10,PH.LAZ.500172525207,,source-switch,S3,S5,False,False,True,False,88595.0,88711.0,25600.0,25647.0,219.77,127.0
PH,LAZ,2025-11,2025-10,PH.LAZ.500173680029,,spike-out-trend,S5,S5,False,False,False,False,1515.0,1892.0,234.0,756.0,254.45,203.0925
PH,LAZ,2025-11,2025-10,PH.LAZ.500173767137,,source-switch,S3,S5,False,False,True,False,660.0,7573.0,173.0,1332.0,239.0,159.0
PH,LAZ,2025-11,2025-10,PH.LAZ.500173776149,,spike-out-trend,S5,S5,False,False,False,False,2845.0,6307.0,707.0,1676.0,480.0,456.25
PH,LAZ,2025-11,2025-10,PH.LAZ.500174016052,,source-switch,S3,S5,False,False,True,False,8339.0,8422.0,1929.0,1940.0,103.0,111.0
PH,LAZ,2025-11,2025-10,PH.LAZ.500174109038,,source-switch,S2,S4,False,False,True,False,572.0,1640.0,129.0,312.0,406.0,279.0
PH,LAZ,2025-11,2025-10,PH.LAZ.500174112028,,spike-out-trend,S5,S5,False,False,False,False,4485.0,4494.0,427.0,521.0,26.166666666666668,58.5
PH,LAZ,2025-11,2025-10,PH.LAZ.500174307087,,source-switch,S3,S5,False,False,True,False,2877.0,2559.0,254.0,236.0,18.0,49.8
PH,LAZ,2025-11,2025-10,PH.LAZ.500174583118,,source-switch,S3,S5,False,False,True,False,3617.0,3623.0,940.0,941.0,96.03,99.0
PH,LAZ,2025-11,2025-10,PH.LAZ.500174853036,,spike-out-trend,S5,S5,False,False,False,False,606.0,3998.0,90.0,598.0,101.87,52.666666666666664
PH,LAZ,2025-11,2025-10,PH.LAZ.500174883103,,source-switch,S3,S5,False,False,True,False,19374.0,19566.0,2868.0,2894.0,58.0,64.6
PH,LAZ,2025-11,2025-10,PH.LAZ.500175627137,,spike-out-trend,S5,S5,False,False,True,False,5428.0,5429.0,616.0,617.0,131.5,247.75
PH,LAZ,2025-11,2025-10,PH.LAZ.500175900053,,base-effect,S5,S5,False,False,False,False,320.0,437.0,14.0,23.0,89.0,323.0
PH,LAZ,2025-11,2025-10,PH.LAZ.500177367051,,spike-out-trend,S5,S5,False,False,False,False,97.0,1191.0,37.0,187.0,581.03,231.4725
PH,LAZ,2025-11,2025-10,PH.LAZ.500177433171,,source-switch,S3,S5,False,False,True,False,6200.0,6218.0,686.0,690.0,39.0,38.0
PH,LAZ,2025-11,2025-10,PH.LAZ.500178681287,,source-switch,S3,S5,False,False,True,False,2741.0,2750.0,602.0,604.0,349.03,395.0
PH,LAZ,2025-11,2025-10,PH.LAZ.500179635023,,spike-out-trend,S5,S5,False,False,False,False,1529.0,3070.0,117.0,559.0,66.58,267.354
PH,LAZ,2025-11,2025-10,PH.LAZ.500179761250,,base-effect,S5,S5,False,False,False,False,62.0,307.0,9.0,34.0,72.0,192.25
PH,LAZ,2025-11,2025-10,PH.LAZ.500180631578,,source-switch,S3,S5,False,False,True,False,3243.0,3259.0,765.0,766.0,589.0,589.0
PH,LAZ,2025-11,2025-10,PH.LAZ.500180664562,,spike-out-trend,S5,S5,False,False,False,False,91.0,359.0,22.0,159.0,399.0,196.0
PH,LAZ,2025-11,2025-10,PH.LAZ.500180694048,,source-switch,S3,S5,False,False,True,False,241.0,245.0,47.0,60.0,63.05,230.2
PH,LAZ,2025-11,2025-10,PH.LAZ.500180712134,,source-switch,S2,S5,False,False,False,False,672.0,676.0,366.0,372.0,124.0,224.0
PH,LAZ,2025-11,2025-10,PH.LAZ.500181963014,,source-switch,S3,S5,False,False,True,False,4651.0,4665.0,1597.0,1604.0,239.0,229.0
PH,LAZ,2025-11,2025-10,PH.LAZ.500184141299,,spike-out-trend,S5,S5,False,False,False,False,134.0,3328.0,25.0,472.0,96.03,89.0725
PH,LAZ,2025-11,2025-10,PH.LAZ.500184243156,,spike-out-trend,S5,S5,False,False,False,False,53.0,66.0,13.0,16.0,150.0,161.66666666666666
PH,LAZ,2025-11,2025-10,PH.LAZ.500184327499,,spike-out-trend,S5,S5,False,False,False,False,4499.0,4503.0,298.0,298.0,2642.0,2642.0
PH,LAZ,2025-11,2025-10,PH.LAZ.500184813126,,spike-out-trend,S5,S5,False,False,False,False,119.0,211.0,28.0,55.0,129.0,132.0
PH,LAZ,2025-11,2025-10,PH.LAZ.500186229074,,source-switch,S2,S5,False,False,False,False,3510.0,3525.0,1153.0,1159.0,70.5,75.0
PH,LAZ,2025-11,2025-10,PH.LAZ.500186502029,,source-switch,S3,S5,False,False,True,False,20767.0,20883.0,6135.0,6181.0,100.0,115.2
PH,LAZ,2025-11,2025-10,PH.LAZ.500187495023,,source-switch,S3,S5,False,False,True,False,4226.0,4243.0,1097.0,1101.0,113.17,128.0
PH,LAZ,2025-11,2025-10,PH.LAZ.500187903053,,source-switch,S2,S5,False,False,False,False,802.0,1814.0,63.0,244.0,109.0,119.0
PH,LAZ,2025-11,2025-10,PH.LAZ.500188659031,,source-switch,S6,S5,False,False,True,False,31788.0,33300.0,6193.0,6641.0,150.48624999999998,150.62116788321165
PH,LAZ,2025-11,2025-10,PH.LAZ.500189142173,,spike-out-trend,S5,S5,False,False,False,False,768.0,7988.0,123.0,1459.0,76.63,67.815
PH,LAZ,2025-11,2025-10,PH.LAZ.500189784121,,base-effect,S5,S5,False,False,False,False,87.0,306.0,8.0,84.0,38.8,90.5
PH,LAZ,2025-11,2025-10,PH.LAZ.500190381035,,source-switch,S2,S5,False,False,False,False,2811.0,2814.0,259.0,259.0,270.63,279.0
PH,LAZ,2025-11,2025-10,PH.LAZ.500193150654,,source-switch,S3,S5,False,False,True,False,20305.0,20327.0,4480.0,4495.0,388.0,399.0
PH,LAZ,2025-11,2025-10,PH.LAZ.500208546479,,source-switch,S3,S5,False,False,True,False,3239.0,3247.0,738.0,738.0,1499.0,1499.0
PH,LAZ,2025-11,2025-10,PH.LAZ.500215971460,,spike-out-trend,S5,S5,False,False,False,False,600.0,889.0,12.0,24.0,517.0,435.6666666666667
PH,LAZ,2025-11,2025-10,PH.LAZ.500218206518,,source-switch,S3,S5,False,False,True,False,20085.0,20600.0,5388.0,5461.0,296.3261557948068,370.3345174659562
PH,LAZ,2025-11,2025-10,PH.LAZ.500222577783,,source-switch,S2,S5,False,False,False,False,692.0,2721.0,345.0,1111.0,209.0,229.0
PH,LAZ,2025-11,2025-10,PH.LAZ.500222637661,,spike-out-trend,S5,S5,False,False,False,False,107.0,3037.0,24.0,714.0,57.0,37.29
PH,LAZ,2025-11,2025-10,PH.LAZ.500223204113,,spike-out-trend,S5,S5,False,False,False,False,89.0,419.0,18.0,127.0,167.58,173.11111111111111
PH,LAZ,2025-11,2025-10,PH.LAZ.500225847410,,source-switch,S3,S5,False,False,True,False,2183.0,2200.0,640.0,641.0,239.0,239.0
PH,LAZ,2025-11,2025-10,PH.LAZ.500230416636,,base-effect,S5,S5,False,False,False,False,80.0,1131.0,16.0,290.0,49.0,49.0
PH,LAZ,2025-11,2025-10,PH.LAZ.500239647097,,source-switch,S3,S5,False,False,True,False,11532.0,11546.0,4318.0,3922.0,293.5,279.0
PH,LAZ,2025-11,2025-10,PH.LAZ.500240955861,,source-switch,S2,S5,False,False,False,False,12.0,43.0,7.0,9.0,128.0,409.0
PH,LAZ,2025-11,2025-10,PH.LAZ.500243967936,,source-switch,S3,S5,False,False,True,False,57761.0,57978.0,21051.0,21118.0,325.3333333333333,332.75
PH,LAZ,2025-11,2025-10,PH.LAZ.500243982273,,source-switch,S3,S5,False,False,True,False,26523.0,26580.0,10825.0,10836.0,209.0,209.0
PH,LAZ,2025-11,2025-10,PH.LAZ.500246442358,,source-switch,S3,S5,False,False,True,False,1456.0,1464.0,497.0,497.0,408.0,490.0
PH,LAZ,2025-11,2025-10,PH.LAZ.500257314393,,spike-out-trend,S5,S5,False,False,False,False,90.0,413.0,16.0,107.0,180.0,158.875
PH,LAZ,2025-11,2025-10,PH.LAZ.500271282258,,source-switch,S2,S5,False,False,True,False,5968.0,5973.0,958.0,959.0,84.27000000000001,83.33333333333333
PH,LAZ,2025-11,2025-10,PH.LAZ.500273946584,,base-effect,S5,S5,False,False,False,False,136.0,290.0,35.0,96.0,19.0,64.5
PH,LAZ,2025-11,2025-10,PH.LAZ.500288976637,,source-switch,S3,S5,False,False,True,False,9096.0,9108.0,2581.0,2585.0,260.93,269.0
PH,LAZ,2025-11,2025-10,PH.LAZ.500302140188,,spike-out-trend,S5,S5,False,False,False,False,650.0,650.0,534.0,534.0,484.03,669.0
PH,LAZ,2025-11,2025-10,PH.LAZ.500321433115,,source-switch,S3,S5,False,False,True,False,1811.0,1818.0,805.0,805.0,258.6666666666667,215.33333333333334
PH,LAZ,2025-11,2025-10,PH.LAZ.500358352017,,source-switch,S3,S5,False,False,True,False,303.0,3569.0,83.0,1073.0,87.3,139.07
PH,LAZ,2025-11,2025-10,PH.LAZ.500360096109,,source-switch,S2,S5,False,False,False,False,1199.0,1767.0,471.0,305.0,217.0,355.0
PH,LAZ,2025-11,2025-10,PH.LAZ.500376752144,,source-switch,S3,S5,False,False,True,False,1850.0,1859.0,666.0,669.0,169.0,169.0
PH,LAZ,2025-11,2025-10,PH.LAZ.500376752817,,base-effect,S5,S5,False,False,False,False,132.0,2567.0,30.0,725.0,30.07,51.5
PH,LAZ,2025-11,2025-10,PH.LAZ.500383840932,,source-switch,S2,S5,False,False,False,False,195.0,515.0,46.0,159.0,107.03,111.66666666666667
PH,LAZ,2025-11,2025-10,PH.LAZ.500389120521,,source-switch,S2,S5,False,False,False,False,1081.0,1087.0,348.0,349.0,239.0,239.0
PH,LAZ,2025-11,2025-10,PH.LAZ.500394848950,,source-switch,S3,S5,False,False,True,False,6693.0,6724.0,1864.0,1876.0,48.0,40.25
PH,LAZ,2025-11,2025-10,PH.LAZ.500402000772,,spike-out-trend,S5,S5,False,False,False,False,389.0,6372.0,163.0,2768.0,229.0,229.0
PH,LAZ,2025-11,2025-10,PH.LAZ.500419168036,,spike-out-trend,S5,S5,False,False,False,False,68.0,2720.0,14.0,510.0,356.0,117.0
PH,LAZ,2025-11,2025-10,PH.LAZ.500421632686,,source-switch,S3,S5,False,False,True,False,1964.0,6679.0,235.0,1119.0,159.0,144.0
PH,LAZ,2025-11,2025-10,PH.LAZ.500426992102,,source-switch,S3,S5,False,False,True,False,485.0,486.0,1805.0,1806.0,344.83,269.0
PH,LAZ,2025-11,2025-10,PH.LAZ.500430128217,,spike-out-trend,S5,S5,False,False,False,False,1903.0,3961.0,167.0,461.0,159.0,142.33333333333334
PH,LAZ,2025-11,2025-10,PH.LAZ.500436496918,,spike-out-trend,S5,S5,False,False,False,False,3732.0,13610.0,1116.0,3215.0,130.95,149.04999999999998
PH,LAZ,2025-11,2025-10,PH.LAZ.500438432682,,source-switch,S2,S5,False,False,True,False,106194.0,124800.0,57810.0,65236.0,452.4392361111111,472.09085393258425
PH,LAZ,2025-11,2025-10,PH.LAZ.500474944731,,spike-out-trend,S5,S5,False,False,False,False,365.0,10980.0,154.0,2797.0,217.55,214.0
PH,LAZ,2025-11,2025-10,PH.LAZ.500518576798,,base-effect,S5,S5,False,False,False,False,239.0,239.0,29.0,66.0,15.0,42.5
PH,LAZ,2025-11,2025-10,PH.LAZ.500522544151,,source-switch,S3,S5,False,False,True,False,1163.0,1540.0,251.0,209.0,25.0,197.58333333333334
PH,LAZ,2025-11,2025-10,PH.LAZ.500529696091,,source-switch,S2,S5,False,False,False,False,444.0,446.0,109.0,109.0,165.0,162.0
PH,LAZ,2025-11,2025-10,PH.LAZ.500531328106,,source-switch,S3,S5,False,False,True,False,3197.0,6360.0,87.0,174.0,76.0,87.75
PH,LAZ,2025-11,2025-10,PH.LAZ.500555632500,,source-switch,S3,S5,False,False,True,False,5680.0,5703.0,2747.0,2749.0,139.0,139.0
PH,LAZ,2025-11,2025-10,PH.LAZ.500555744805,,spike-out-trend,S5,S5,False,False,False,False,72.0,573.0,13.0,220.0,118.0,197.75
PH,LAZ,2025-11,2025-10,PH.LAZ.500563360113,,spike-out-trend,S5,S5,False,False,False,False,305.0,305.0,172.0,172.0,66.1,204.0
PH,LAZ,2025-11,2025-10,PH.LAZ.500599152539,,spike-out-trend,S5,S5,False,False,True,False,706.0,4838.0,269.0,4405.0,1470.6943362831857,1328.1930124223604
PH,LAZ,2025-11,2025-10,PH.LAZ.500603760043,,spike-out-trend,S5,S5,False,False,False,False,125.0,2803.0,47.0,1178.0,135.91,156.02
PH,LAZ,2025-11,2025-10,PH.LAZ.500608320764,,spike-out-trend,S5,S5,False,False,False,False,1855.0,25896.0,721.0,7972.0,143.0,138.8
PH,LAZ,2025-11,2025-10,PH.LAZ.500649024691,,source-switch,S3,S5,False,False,True,False,114.0,1931.0,21.0,638.0,140.0,162.75
PH,LAZ,2025-11,2025-10,PH.LAZ.500657152750,,source-switch,S3,S5,False,False,True,False,262.0,16804.0,90.0,4840.0,117.6,125.0
PH,LAZ,2025-11,2025-10,PH.LAZ.500699024699,,source-switch,S2,S5,False,False,False,False,113.0,392.0,48.0,127.0,1182.43,1503.243333333333
PH,LAZ,2025-11,2025-10,PH.LAZ.500724144704,,source-switch,S3,S5,False,False,True,False,910.0,916.0,329.0,329.0,188.0,188.0
PH,LAZ,2025-11,2025-10,PH.LAZ.500744144621,,base-effect,S5,S5,False,False,False,False,119.0,64.0,9.0,21.0,28.0,98.0
PH,LAZ,2025-11,2025-10,PH.LAZ.500758576773,,spike-out-trend,S5,S5,False,False,False,False,178.0,297.0,19.0,61.0,262.0,165.71428571428572
PH,LAZ,2025-11,2025-10,PH.LAZ.500794784085,,source-switch,S2,S5,False,False,False,False,181.0,970.0,14.0,153.0,94.66666666666667,132.33333333333334
PH,LAZ,2025-11,2025-10,PH.LAZ.500852784754,,source-switch,S3,S5,False,False,True,False,1227.0,1438.0,225.0,252.0,29.1,173.0
PH,LAZ,2025-11,2025-10,PH.LAZ.500861936382,,spike-out-trend,S5,S5,False,False,False,False,907.0,6468.0,178.0,1314.0,287.0,156.85714285714286
PH,LAZ,2025-11,2025-10,PH.LAZ.500865440694,,spike-out-trend,S5,S5,False,False,False,False,585.0,1407.0,297.0,610.0,264.11,153.79500000000002
PH,LAZ,2025-11,2025-10,PH.LAZ.500893120490,,spike-out-trend,S5,S5,False,False,True,False,1173.0,1195.0,229.0,699.0,89.4,456.2
PH,LAZ,2025-11,2025-10,PH.LAZ.500915552926,,source-switch,S3,S5,False,False,True,False,2406.0,2424.0,1567.0,1572.0,158.0,158.0
PH,LAZ,2025-11,2025-10,PH.LAZ.500976832405,,spike-out-trend,S5,S5,False,False,False,False,338.0,2113.0,43.0,353.0,169.0,142.0
PH,LAZ,2025-11,2025-10,PH.LAZ.501062224950,,spike-out-trend,S5,S5,False,False,False,False,349.0,3051.0,60.0,288.0,68.5,136.25
PH,LAZ,2025-11,2025-10,PH.LAZ.501097232450,,source-switch,S2,S5,False,False,False,False,453.0,455.0,166.0,166.0,68.08,68.08
PH,LAZ,2025-11,2025-10,PH.LAZ.501122064901,,spike-out-trend,S5,S5,False,False,False,False,1860.0,2143.0,478.0,501.0,42.0,64.035
PH,LAZ,2025-11,2025-10,PH.LAZ.501122224701,,spike-out-trend,S5,S5,False,False,False,False,131.0,369.0,32.0,129.0,174.34,281.1028947368421
PH,LAZ,2025-11,2025-10,PH.LAZ.501196752708,,spike-out-trend,S4,S4,False,False,False,False,71.0,706.0,15.0,163.0,776.865,333.6033333333333
PH,LAZ,2025-11,2025-10,PH.LAZ.501466512891,,spike-out-trend,S5,S5,False,False,False,False,340.0,609.0,85.0,138.0,259.0,308.6
PH,LAZ,2025-11,2025-10,PH.LAZ.501560224806,,spike-out-trend,S5,S5,False,False,False,False,113.0,149.0,30.0,42.0,125.13,129.0
PH,LAZ,2025-11,2025-10,PH.LAZ.501656240429,,source-switch,S2,S5,False,False,False,False,4.0,6.0,22.0,132.0,244.52,231.97
PH,LAZ,2025-11,2025-10,PH.LAZ.501703120111,,spike-out-trend,S5,S5,False,False,False,False,0.0,0.0,47.0,286.0,1252.208,1720.8266666666666
PH,LAZ,2025-11,2025-10,PH.LAZ.501716080700,,spike-out-trend,S5,S5,False,False,False,False,4.0,5.0,200.0,202.0,789.045,920.035
PH,LAZ,2025-11,2025-10,PH.LAZ.501721104287,,spike-out-trend,S5,S5,False,False,False,False,0.0,0.0,19.0,22.0,850.89,1404.06
PH,LAZ,2025-11,2025-10,PH.LAZ.501721184184,,spike-out-trend,S5,S5,False,False,False,False,0.0,0.0,25.0,383.0,603.17,557.5223529411765
PH,LAZ,2025-11,2025-10,PH.LAZ.501722576195,,spike-out-trend,S5,S5,False,False,False,False,13.0,14.0,82.0,88.0,650.99,1075.41
PH,LAZ,2025-11,2025-10,PH.LAZ.501776768235,,spike-out-trend,S5,S5,False,False,False,False,0.0,0.0,48.0,103.0,362.69,1006.0999999999999
PH,LAZ,2025-11,2025-10,PH.LAZ.7133,,source-switch,S3,S5,False,False,True,False,1055.0,5457.0,219.0,1421.0,468.0,411.5
PH,LAZ,2025-11,2025-10,PH.LAZ.7829,,spike-out-trend,S5,S5,False,False,False,False,156.0,789.0,35.0,138.0,387.03,301.84166666666664
PH,SHP,2025-11,2025-10,PH.SHP.1012745644,,spike-out-trend,S5,S5,False,False,False,False,23.0,3000.0,7.0,1138.0,493.5,493.5
PH,SHP,2025-11,2025-10,PH.SHP.1023387857,,spike-out-trend,S5,S5,False,False,False,False,198.0,1000.0,31.0,223.0,132.0,126.0
PH,SHP,2025-11,2025-10,PH.SHP.1035149859,,spike-out-trend,S5,S5,False,False,False,False,97.0,709.0,14.0,110.0,172.0,189.5
PH,SHP,2025-11,2025-10,PH.SHP.1050055321,,spike-out-trend,S5,S5,False,False,False,False,184.0,578.0,50.0,163.0,136.0,136.0
PH,SHP,2025-11,2025-10,PH.SHP.1057539553,,spike-out-trend,S5,S5,False,False,False,False,4000.0,10000.0,203.0,32747.0,136.75,291.0
PH,SHP,2025-11,2025-10,PH.SHP.105887956,,spike-out-trend,S5,S5,False,False,False,False,15.0,891.0,5.0,213.0,998.0,1088.0
PH,SHP,2025-11,2025-10,PH.SHP.1069096781,,spike-out-trend,S5,S5,False,False,False,False,1000.0,4000.0,81.0,335.0,65.0,68.0
PH,SHP,2025-11,2025-10,PH.SHP.1074462544,,spike-out-trend,S5,S5,False,False,False,False,95.0,4000.0,29.0,615.0,150.0,62.0
PH,SHP,2025-11,2025-10,PH.SHP.10782362,,source-switch,S3,S5,False,False,True,False,10000.0,10000.0,6779.0,6398.0,244.0,344.0
PH,SHP,2025-11,2025-10,PH.SHP.1081060098,,spike-out-trend,S5,S5,False,False,False,False,28.0,438.0,10.0,112.0,399.0,104.0
PH,SHP,2025-11,2025-10,PH.SHP.1096059581,,spike-out-trend,S5,S5,False,False,False,False,402.0,1000.0,102.0,369.0,95.0,89.5
PH,SHP,2025-11,2025-10,PH.SHP.1106283471,,spike-out-trend,S5,S5,False,False,False,False,29.0,338.0,13.0,80.0,124.0,131.0
PH,SHP,2025-11,2025-10,PH.SHP.1112282680,,spike-out-trend,S5,S5,False,False,False,False,243.0,2000.0,51.0,520.0,180.0,147.5
PH,SHP,2025-11,2025-10,PH.SHP.1113693187,,spike-out-trend,S5,S5,False,False,False,False,24.0,78.0,9.0,9.0,294.5,341.875
PH,SHP,2025-11,2025-10,PH.SHP.1139553106,,spike-out-trend,S5,S5,False,False,False,False,334.0,844.0,102.0,309.0,299.0,317.125
PH,SHP,2025-11,2025-10,PH.SHP.1159531017,,spike-out-trend,S5,S5,False,False,False,False,163.0,220.0,22.0,67.0,126.0,128.5
PH,SHP,2025-11,2025-10,PH.SHP.116535824,,spike-out-trend,S5,S5,False,False,False,False,117.0,284.0,31.0,91.0,221.0,777.5
PH,SHP,2025-11,2025-10,PH.SHP.116939378,,spike-out-trend,S5,S5,False,False,False,False,17.0,276.0,6.0,51.0,729.0,679.0
PH,SHP,2025-11,2025-10,PH.SHP.1171878193,,spike-out-trend,S5,S5,False,False,False,False,113.0,10000.0,32.0,39755.0,149.0,138.0
PH,SHP,2025-11,2025-10,PH.SHP.1175543705,,base-effect,S5,S5,False,False,False,False,7.0,269.0,4.0,38.0,19.0,79.0
PH,SHP,2025-11,2025-10,PH.SHP.1188414966,,spike-out-trend,S5,S5,False,False,False,False,78.0,1000.0,21.0,358.0,148.0,138.0
PH,SHP,2025-11,2025-10,PH.SHP.1191370951,,spike-out-trend,S5,S5,False,False,False,False,15.0,20.0,3.0,5.0,300.75,516.5
PH,SHP,2025-11,2025-10,PH.SHP.1195230934,,spike-out-trend,S5,S5,False,False,False,False,10000.0,600000.0,2383.0,175820.0,106.0,94.27272727272727
PH,SHP,2025-11,2025-10,PH.SHP.1197524900,,spike-out-trend,S5,S5,False,False,False,False,83.0,170.0,20.0,59.0,459.0,499.0
PH,SHP,2025-11,2025-10,PH.SHP.1214826674,,base-effect,S5,S4,False,False,False,False,5.0,28.0,3.0,4.0,99.0,380.5
PH,SHP,2025-11,2025-10,PH.SHP.1224189491,,spike-out-trend,S5,S5,False,False,False,False,27.0,638.0,19.0,154.0,79.0,79.0
PH,SHP,2025-11,2025-10,PH.SHP.1241087836,,spike-out-trend,S5,S5,False,False,False,False,78.0,331.0,21.0,91.0,126.0,126.0
PH,SHP,2025-11,2025-10,PH.SHP.1244791873,,spike-out-trend,S5,S5,False,False,False,False,7000.0,4000.0,847.0,1068.0,77.0,886.0
PH,SHP,2025-11,2025-10,PH.SHP.1245401746,,spike-out-trend,S5,S5,False,False,False,False,708.0,830.0,103.0,114.0,98.0,161.5
PH,SHP,2025-11,2025-10,PH.SHP.1256129911,,spike-out-trend,S5,S5,False,False,False,False,260.0,6000.0,69.0,1567.0,119.0,159.0
PH,SHP,2025-11,2025-10,PH.SHP.1261712819,,spike-out-trend,S5,S5,False,False,False,False,153.0,108.0,21.0,32.0,450.0,775.0
PH,SHP,2025-11,2025-10,PH.SHP.126914829,,spike-out-trend,S5,S5,False,False,False,False,63.0,3000.0,17.0,1165.0,75.0,145.0
PH,SHP,2025-11,2025-10,PH.SHP.1271817652,,spike-out-trend,S5,S5,False,False,False,False,204.0,51.0,56.0,19.0,616.2142857142857,559.8974358974359
PH,SHP,2025-11,2025-10,PH.SHP.1284416290,,spike-out-trend,S5,S5,False,False,False,False,187.0,1000.0,12.0,401.0,134.0,121.0
PH,SHP,2025-11,2025-10,PH.SHP.1285337285,,spike-out-trend,S5,S5,False,False,False,False,8.0,65.0,7.0,16.0,975.5,594.375
PH,SHP,2025-11,2025-10,PH.SHP.129187738,,spike-out-trend,S5,S5,False,False,True,False,10000.0,70000.0,12503.0,24587.0,231.6,143.06
PH,SHP,2025-11,2025-10,PH.SHP.1295062901,,source-switch,S4,S5,False,False,False,False,28.0,214.0,7.0,72.0,1610.0,1606.0
PH,SHP,2025-11,2025-10,PH.SHP.1302048862,,spike-out-trend,S5,S5,False,False,False,False,19.0,53.0,3.0,10.0,161.5,396.75
PH,SHP,2025-11,2025-10,PH.SHP.1303943303,,spike-out-trend,S5,S5,False,False,False,False,113.0,10000.0,18.0,9290.0,152.5,149.0
PH,SHP,2025-11,2025-10,PH.SHP.1330859090,,spike-out-trend,S5,S5,False,False,False,False,45.0,203.0,9.0,33.0,635.0,590.0
PH,SHP,2025-11,2025-10,PH.SHP.1337540846,,spike-out-trend,S5,S5,False,False,False,False,2000.0,9000.0,178.0,735.0,60.333333333333336,58.5
PH,SHP,2025-11,2025-10,PH.SHP.1356486206,,spike-out-trend,S5,S5,False,False,False,False,9.0,97.0,6.0,25.0,376.0,335.5
PH,SHP,2025-11,2025-10,PH.SHP.13634024,,spike-out-trend,S5,S5,False,False,False,False,23.0,221.0,5.0,67.0,185.0,275.0
PH,SHP,2025-11,2025-10,PH.SHP.1377686634,,source-switch,S3,S5,False,False,True,False,952.0,5000.0,253.0,1381.0,106.5,131.1851851851852
PH,SHP,2025-11,2025-10,PH.SHP.1388065926,,spike-out-trend,S5,S5,False,False,False,False,80.0,524.0,17.0,124.0,108.0,83.33333333333333
PH,SHP,2025-11,2025-10,PH.SHP.1398836323,,spike-out-trend,S5,S5,False,False,True,False,249.0,3000.0,57.0,641.0,126.875,113.78571428571429
PH,SHP,2025-11,2025-10,PH.SHP.1417724357,,spike-out-trend,S5,S5,False,False,False,False,153.0,149.0,9.0,11.0,200.0,295.0
PH,SHP,2025-11,2025-10,PH.SHP.1453642540,,source-switch,S4,S5,False,False,False,False,198.0,1000.0,49.0,482.0,232.85714285714286,223.1
PH,SHP,2025-11,2025-10,PH.SHP.14672811,,source-switch,S4,S5,False,False,False,False,13.0,2000.0,3.0,465.0,368.0,598.0
PH,SHP,2025-11,2025-10,PH.SHP.1471230969,,spike-out-trend,S5,S5,False,False,False,False,139.0,243.0,21.0,55.0,25.0,80.0
PH,SHP,2025-11,2025-10,PH.SHP.1477123557,,spike-out-trend,S5,S5,False,False,False,False,26.0,809.0,11.0,116.0,97.75,125.5
PH,SHP,2025-11,2025-10,PH.SHP.1488057000,,spike-out-trend,S5,S5,False,False,False,False,3000.0,4000.0,595.0,1012.0,96.33333333333333,147.8
PH,SHP,2025-11,2025-10,PH.SHP.1491216211,,spike-out-trend,S5,S5,False,False,False,False,110.0,1000.0,50.0,480.0,28.0,102.5
PH,SHP,2025-11,2025-10,PH.SHP.1493928619,,base-effect,S5,S5,False,False,False,False,23.0,86.0,5.0,27.0,44.0,44.0
PH,SHP,2025-11,2025-10,PH.SHP.1504705808,,spike-out-trend,S5,S5,False,False,False,False,44.0,67.0,24.0,28.0,149.0,414.0
PH,SHP,2025-11,2025-10,PH.SHP.151324489,,spike-out-trend,S5,S5,False,False,False,False,5000.0,10000.0,611.0,2049.0,49.0,39.0
PH,SHP,2025-11,2025-10,PH.SHP.1514348838,,spike-out-trend,S5,S5,False,False,False,False,69.0,1000.0,18.0,332.0,175.0,89.66666666666667
PH,SHP,2025-11,2025-10,PH.SHP.1518992623,,spike-out-trend,S5,S5,False,False,False,False,38.0,3000.0,14.0,595.0,49.0,169.0
PH,SHP,2025-11,2025-10,PH.SHP.1538028753,,spike-out-trend,S5,S5,False,False,False,False,132.0,2000.0,33.0,393.0,125.0,109.0
PH,SHP,2025-11,2025-10,PH.SHP.1545423316,,base-effect,S5,S5,False,False,False,False,4.0,174.0,4.0,52.0,53.0,53.0
PH,SHP,2025-11,2025-10,PH.SHP.154901003,,base-effect,S5,S5,False,False,False,False,102.0,54.0,17.0,17.0,22.0,82.0
PH,SHP,2025-11,2025-10,PH.SHP.1550402929,,spike-out-trend,S5,S5,False,False,False,False,156.0,280.0,56.0,65.0,91.55555555555556,92.74074074074075
PH,SHP,2025-11,2025-10,PH.SHP.155242398,,spike-out-trend,S5,S5,False,False,False,False,151.0,10000.0,30.0,4160.0,290.0,108.0
PH,SHP,2025-11,2025-10,PH.SHP.1603118205,,spike-out-trend,S5,S5,False,False,False,False,20.0,91.0,9.0,27.0,129.0,159.0
PH,SHP,2025-11,2025-10,PH.SHP.1619980625,,spike-out-trend,S5,S5,False,False,False,False,15.0,223.0,6.0,44.0,725.0,501.0
PH,SHP,2025-11,2025-10,PH.SHP.1634825070,,spike-out-trend,S5,S5,False,False,False,False,282.0,537.0,59.0,85.0,2039.6,2301.6666666666665
PH,SHP,2025-11,2025-10,PH.SHP.1636611096,,base-effect,S5,S5,False,False,False,False,11.0,83.0,3.0,23.0,81.0,273.5
PH,SHP,2025-11,2025-10,PH.SHP.1648460240,,spike-out-trend,S5,S5,False,False,False,False,214.0,308.0,37.0,77.0,1648.8,2582.4444444444443
PH,SHP,2025-11,2025-10,PH.SHP.16511247,,spike-out-trend,S5,S5,False,False,False,False,3000.0,10000.0,181.0,2967.0,80.0,195.0
PH,SHP,2025-11,2025-10,PH.SHP.16621971,,spike-out-trend,S5,S5,False,False,False,False,45.0,5000.0,13.0,1010.0,449.0,149.0
PH,SHP,2025-11,2025-10,PH.SHP.1664275568,,spike-out-trend,S5,S5,False,False,False,False,131.0,0.0,60.0,167.0,168.0,187.0
PH,SHP,2025-11,2025-10,PH.SHP.170085610,,source-switch,S4,S5,False,False,False,False,10000.0,9000.0,2458.0,3499.0,152.125,125.63888888888889
PH,SHP,2025-11,2025-10,PH.SHP.17017304,,spike-out-trend,S5,S5,False,False,False,False,125.0,2000.0,21.0,338.0,204.0,161.88888888888889
PH,SHP,2025-11,2025-10,PH.SHP.173969742,,spike-out-trend,S5,S5,False,False,False,False,277.0,407.0,37.0,67.0,123.0,245.0
PH,SHP,2025-11,2025-10,PH.SHP.181308880,,spike-out-trend,S5,S5,False,False,False,False,88.0,119.0,19.0,15.0,399.0,1511.0
PH,SHP,2025-11,2025-10,PH.SHP.191063030,,spike-out-trend,S5,S5,False,False,False,False,142.0,1000.0,26.0,165.0,29.0,99.0
PH,SHP,2025-11,2025-10,PH.SHP.196214868,,spike-out-trend,S5,S5,False,False,False,False,5000.0,10000.0,925.0,3880.0,177.5,137.93333333333334
PH,SHP,2025-11,2025-10,PH.SHP.201777295,,spike-out-trend,S5,S5,False,False,False,False,611.0,258.0,114.0,78.0,285.0,1669.0
PH,SHP,2025-11,2025-10,PH.SHP.220527916,,source-switch,S3,S5,False,False,True,False,1000.0,8000.0,197.0,2812.0,554.3333333333334,332.25
PH,SHP,2025-11,2025-10,PH.SHP.231006019,,spike-out-trend,S5,S5,False,False,False,False,93.0,1000.0,17.0,172.0,88.0,142.0
PH,SHP,2025-11,2025-10,PH.SHP.23790201,,spike-out-trend,S5,S5,False,False,False,False,54.0,2000.0,8.0,828.0,3251.5,489.6666666666667
PH,SHP,2025-11,2025-10,PH.SHP.240739113,,source-switch,S3,S5,False,False,True,False,10000.0,10000.0,12662.0,52585.0,400.85714285714283,288.04
PH,SHP,2025-11,2025-10,PH.SHP.26346925,,spike-out-trend,S5,S5,False,False,False,False,10000.0,100000.0,124842.0,31755.0,5.0,103.0
PH,SHP,2025-11,2025-10,PH.SHP.270751078,,spike-out-trend,S5,S5,False,False,False,False,1000.0,5000.0,337.0,1590.0,2208.0,947.8888888888889
PH,SHP,2025-11,2025-10,PH.SHP.27171948,,source-switch,S4,S5,False,False,False,False,456.0,10000.0,103.0,1456.0,390.3333333333333,149.25
PH,SHP,2025-11,2025-10,PH.SHP.281258347,,spike-out-trend,S5,S5,False,False,False,False,64.0,249.0,11.0,66.0,281.5,247.5
PH,SHP,2025-11,2025-10,PH.SHP.290729505,,spike-out-trend,S5,S5,False,False,False,False,458.0,10000.0,168.0,48847.0,209.0,126.33333333333333
PH,SHP,2025-11,2025-10,PH.SHP.29151333,,spike-out-trend,S5,S5,False,False,False,False,78.0,228.0,21.0,88.0,149.0,349.0
PH,SHP,2025-11,2025-10,PH.SHP.291701020,,base-effect,S5,S5,False,False,False,False,45.0,102.0,6.0,30.0,17.0,139.0
PH,SHP,2025-11,2025-10,PH.SHP.294095309,,spike-out-trend,S5,S5,False,False,False,False,1000.0,8000.0,265.0,628.0,95.0,78.33333333333333
PH,SHP,2025-11,2025-10,PH.SHP.298202541,,spike-out-trend,S5,S5,False,False,False,False,13.0,118.0,3.0,37.0,450.0,250.0
PH,SHP,2025-11,2025-10,PH.SHP.307943646,,spike-out-trend,S5,S5,False,False,False,False,1000.0,8000.0,396.0,2748.0,307.5,555.0
PH,SHP,2025-11,2025-10,PH.SHP.31233419,,source-switch,S3,S5,False,False,True,False,10000.0,100000.0,6066.0,13599.0,12.0,10.0
PH,SHP,2025-11,2025-10,PH.SHP.31237029,,spike-out-trend,S5,S5,False,False,False,False,358.0,6000.0,95.0,1313.0,88.33333333333333,119.0
PH,SHP,2025-11,2025-10,PH.SHP.313406373,,spike-out-trend,S5,S5,False,False,False,False,1000.0,10000.0,449.0,3802.0,1567.6666666666667,630.0
PH,SHP,2025-11,2025-10,PH.SHP.323461142,,spike-out-trend,S5,S5,False,False,False,False,56.0,250.0,18.0,84.0,140.0,222.5
PH,SHP,2025-11,2025-10,PH.SHP.326667940,,spike-out-trend,S5,S5,False,False,False,False,215.0,886.0,99.0,330.0,315.0,254.33333333333334
PH,SHP,2025-11,2025-10,PH.SHP.327924741,,spike-out-trend,S5,S5,False,False,False,False,372.0,1000.0,99.0,221.0,50.0,62.5
PH,SHP,2025-11,2025-10,PH.SHP.34243482,,spike-out-trend,S5,S5,False,False,False,False,170.0,10000.0,43.0,1118.0,417.3333333333333,138.0
PH,SHP,2025-11,2025-10,PH.SHP.344754647,,spike-out-trend,S5,S5,False,False,False,False,10000.0,4000.0,313.0,1073.0,60.333333333333336,169.0
PH,SHP,2025-11,2025-10,PH.SHP.34584777,,spike-out-trend,S5,S5,False,False,False,False,36.0,2000.0,6.0,233.0,120.0,125.0
PH,SHP,2025-11,2025-10,PH.SHP.348868810,,spike-out-trend,S5,S5,False,False,False,False,49.0,0.0,6.0,57.0,751.0,455.0
PH,SHP,2025-11,2025-10,PH.SHP.350680565,,spike-out-trend,S5,S5,False,False,False,False,374.0,4000.0,40.0,386.0,418.0,608.0
PH,SHP,2025-11,2025-10,PH.SHP.35586009,,spike-out-trend,S5,S5,False,False,False,False,216.0,328.0,25.0,73.0,41.0,601.5
PH,SHP,2025-11,2025-10,PH.SHP.357693850,,spike-out-trend,S5,S5,False,False,False,False,3000.0,20000.0,787.0,6896.0,446.0,714.7857142857143
PH,SHP,2025-11,2025-10,PH.SHP.357752896,,base-effect,S2,S5,False,False,False,False,71.0,3000.0,10.0,825.0,71.0,77.33333333333333
PH,SHP,2025-11,2025-10,PH.SHP.366691,,spike-out-trend,S5,S5,False,False,False,False,48.0,531.0,9.0,138.0,148.0,98.0
PH,SHP,2025-11,2025-10,PH.SHP.372091105,,spike-out-trend,S5,S5,False,False,False,False,36.0,510.0,8.0,123.0,5955.0,2110.0
PH,SHP,2025-11,2025-10,PH.SHP.373341038,,source-switch,S3,S5,False,False,True,False,10000.0,10000.0,2431.0,2433.0,29.0,105.66666666666667
PH,SHP,2025-11,2025-10,PH.SHP.376882670,,base-effect,S5,S5,False,False,False,False,482.0,249.0,24.0,22.0,12.0,270.0
PH,SHP,2025-11,2025-10,PH.SHP.378727253,,spike-out-trend,S5,S5,False,False,False,False,23.0,10000.0,4.0,3243.0,201.33333333333334,72.66666666666667
PH,SHP,2025-11,2025-10,PH.SHP.386000571,,spike-out-trend,S5,S5,False,False,False,False,677.0,3000.0,170.0,481.0,1250.0,735.5
PH,SHP,2025-11,2025-10,PH.SHP.4032248,,base-effect,S5,S5,False,False,False,False,49.0,311.0,10.0,106.0,49.0,134.0
PH,SHP,2025-11,2025-10,PH.SHP.405958286,,spike-out-trend,S5,S5,False,False,False,False,500.0,4000.0,188.0,914.0,359.0,465.1111111111111
PH,SHP,2025-11,2025-10,PH.SHP.41463246,,spike-out-trend,S5,S5,False,False,False,False,348.0,7000.0,92.0,1717.0,159.0,150.33333333333334
PH,SHP,2025-11,2025-10,PH.SHP.426087132,,spike-out-trend,S5,S5,False,False,False,False,221.0,3000.0,50.0,873.0,720.0,369.1666666666667
PH,SHP,2025-11,2025-10,PH.SHP.430466944,,spike-out-trend,S5,S5,False,False,False,False,78.0,2000.0,22.0,702.0,599.0,776.0
PH,SHP,2025-11,2025-10,PH.SHP.43396064,,spike-out-trend,S5,S5,False,False,True,False,4000.0,5000.0,1225.0,1227.0,100.75,158.0
PH,SHP,2025-11,2025-10,PH.SHP.446720105,,spike-out-trend,S5,S5,False,False,False,False,214.0,1000.0,48.0,134.0,449.0,494.0
PH,SHP,2025-11,2025-10,PH.SHP.455263904,,spike-out-trend,S5,S5,False,False,True,False,10000.0,80000.0,1756.0,14996.0,102.33333333333333,718.6666666666666
PH,SHP,2025-11,2025-10,PH.SHP.465030182,,spike-out-trend,S5,S5,False,False,False,False,60.0,210.0,15.0,34.0,109.0,109.8
PH,SHP,2025-11,2025-10,PH.SHP.472482774,,spike-out-trend,S5,S5,False,False,False,False,,15.0,7.0,52.0,1783.0,916.0
PH,SHP,2025-11,2025-10,PH.SHP.473202897,,spike-out-trend,S5,S5,False,False,False,False,,194.0,6.0,34.0,2342.0,2326.0
PH,SHP,2025-11,2025-10,PH.SHP.478357383,,source-switch,S3,S5,False,False,True,False,10000.0,10000.0,2586.0,2594.0,31.75,56.44444444444444
PH,SHP,2025-11,2025-10,PH.SHP.479792156,,source-switch,S2,S5,False,False,False,False,968.0,978.0,280.0,282.0,280.0,273.0
PH,SHP,2025-11,2025-10,PH.SHP.481889667,,spike-out-trend,S5,S5,False,False,False,False,2000.0,7000.0,1142.0,2556.0,49.0,88.0
PH,SHP,2025-11,2025-10,PH.SHP.489135017,,spike-out-trend,S4,S4,False,False,False,False,11.0,22.0,0.0,2.0,491.0,299.5
PH,SHP,2025-11,2025-10,PH.SHP.492321987,,base-effect,S5,S5,False,False,False,False,7.0,105.0,4.0,28.0,45.0,35.0
PH,SHP,2025-11,2025-10,PH.SHP.50341569,,spike-out-trend,S5,S5,False,False,True,False,2000.0,10000.0,804.0,5747.0,143.6,162.25
PH,SHP,2025-11,2025-10,PH.SHP.503782175,,spike-out-trend,S5,S5,False,False,False,False,24.0,4000.0,12.0,1206.0,139.0,139.0
PH,SHP,2025-11,2025-10,PH.SHP.51144568,,spike-out-trend,S5,S5,False,False,False,False,1000.0,3000.0,192.0,532.0,820.0,852.0
PH,SHP,2025-11,2025-10,PH.SHP.51909388,,spike-out-trend,S5,S5,False,False,False,False,946.0,8000.0,222.0,2464.0,35.0,145.0
PH,SHP,2025-11,2025-10,PH.SHP.52178014,,source-switch,S3,S5,False,False,True,False,10000.0,50000.0,56602.0,17312.0,629.4814814814815,375.13186813186815
PH,SHP,2025-11,2025-10,PH.SHP.526017288,,source-switch,S3,S5,False,False,True,False,2000.0,9000.0,605.0,2242.0,267.0,124.36842105263158
PH,SHP,2025-11,2025-10,PH.SHP.530070231,,spike-out-trend,S5,S5,False,False,False,False,53.0,389.0,16.0,121.0,165.5,152.0
PH,SHP,2025-11,2025-10,PH.SHP.536280708,,spike-out-trend,S5,S5,False,False,False,False,20.0,610.0,15.0,131.0,238.0,345.0
PH,SHP,2025-11,2025-10,PH.SHP.54289988,,source-switch,S3,S5,False,False,True,False,1000.0,400000.0,500.0,41146.0,723.8,180.25
PH,SHP,2025-11,2025-10,PH.SHP.567691525,,source-switch,S5,S4,False,False,True,False,10000.0,3000.0,540.0,156.0,173.8709677419355,194.0
PH,SHP,2025-11,2025-10,PH.SHP.595750967,,spike-out-trend,S5,S5,False,False,False,False,6000.0,10000.0,909.0,6206.0,87.0,190.92307692307693
PH,SHP,2025-11,2025-10,PH.SHP.599180191,,spike-out-trend,S5,S5,False,False,False,False,27.0,5000.0,10.0,1271.0,279.0,109.33333333333333
PH,SHP,2025-11,2025-10,PH.SHP.601817650,,spike-out-trend,S5,S5,False,False,False,False,,598.0,174.0,8745.0,1670.4285714285713,1207.4
PH,SHP,2025-11,2025-10,PH.SHP.609142923,,spike-out-trend,S5,S5,False,False,False,False,,3000.0,21.0,648.0,1272.0,2213.6666666666665
PH,SHP,2025-11,2025-10,PH.SHP.636906976,,spike-out-trend,S5,S5,False,False,False,False,234.0,2000.0,42.0,224.0,35.0,26.5
PH,SHP,2025-11,2025-10,PH.SHP.636957689,,base-effect,S5,S5,False,False,False,False,242.0,2000.0,32.0,212.0,8.0,10.0
PH,SHP,2025-11,2025-10,PH.SHP.638600715,,spike-out-trend,S5,S5,False,False,False,False,670.0,10000.0,175.0,4303.0,182.75,302.93333333333334
PH,SHP,2025-11,2025-10,PH.SHP.64814729,,spike-out-trend,S5,S5,False,False,False,False,221.0,2000.0,54.0,670.0,44.5,117.6
PH,SHP,2025-11,2025-10,PH.SHP.659379870,,source-switch,S3,S5,False,False,True,False,190.0,20000.0,57.0,6128.0,43.0,59.0
PH,SHP,2025-11,2025-10,PH.SHP.670298881,,source-switch,S3,S5,False,False,True,False,8000.0,10000.0,2804.0,8870.0,250.0,363.5
PH,SHP,2025-11,2025-10,PH.SHP.67982090,,spike-out-trend,S5,S5,False,False,False,False,24.0,3000.0,4.0,481.0,520.0,521.0
PH,SHP,2025-11,2025-10,PH.SHP.695507725,,spike-out-trend,S5,S5,False,False,False,False,203.0,2000.0,53.0,584.0,121.66666666666667,129.32
PH,SHP,2025-11,2025-10,PH.SHP.696865898,,spike-out-trend,S5,S5,False,False,False,False,55.0,1000.0,19.0,1134.0,74.0,73.5
PH,SHP,2025-11,2025-10,PH.SHP.69914365,,spike-out-trend,S5,S5,False,False,False,False,80.0,4000.0,16.0,644.0,79.0,79.0
PH,SHP,2025-11,2025-10,PH.SHP.711617942,,source-switch,S3,S5,False,False,True,False,6000.0,7000.0,2358.0,2377.0,350.2,173.44
PH,SHP,2025-11,2025-10,PH.SHP.712285259,,spike-out-trend,S5,S5,False,False,False,False,656.0,1000.0,154.0,463.0,320.0,233.08333333333334
PH,SHP,2025-11,2025-10,PH.SHP.737526405,,base-effect,S5,S5,False,False,False,False,23.0,4000.0,6.0,1056.0,86.0,65.0
PH,SHP,2025-11,2025-10,PH.SHP.74598016,,spike-out-trend,S5,S5,False,False,True,False,10000.0,5000.0,1195.0,1295.0,84.81818181818181,127.24
PH,SHP,2025-11,2025-10,PH.SHP.74645600,,spike-out-trend,S5,S5,False,False,False,False,229.0,516.0,15.0,84.0,398.0,379.0
PH,SHP,2025-11,2025-10,PH.SHP.752752609,,spike-out-trend,S5,S5,False,False,False,False,100.0,285.0,21.0,51.0,59.0,96.0
PH,SHP,2025-11,2025-10,PH.SHP.763467416,,source-switch,S3,S5,False,False,True,False,10000.0,10000.0,2086.0,2095.0,2212.6666666666665,3122.2340425531916
PH,SHP,2025-11,2025-10,PH.SHP.768828559,,spike-out-trend,S5,S5,False,False,False,False,51.0,282.0,11.0,82.0,110.0,127.5
PH,SHP,2025-11,2025-10,PH.SHP.77472471,,spike-out-trend,S5,S5,False,False,False,False,1000.0,10000.0,372.0,4870.0,149.0,305.0
PH,SHP,2025-11,2025-10,PH.SHP.796136847,,spike-out-trend,S5,S5,False,False,False,False,216.0,2000.0,79.0,385.0,294.0,198.0
PH,SHP,2025-11,2025-10,PH.SHP.802243565,,source-switch,S3,S5,False,False,True,False,4000.0,10000.0,643.0,3900.0,24.0,84.3125
PH,SHP,2025-11,2025-10,PH.SHP.80439668,,spike-out-trend,S5,S5,False,False,False,False,196.0,1000.0,10.0,308.0,86.0,2049.6666666666665
PH,SHP,2025-11,2025-10,PH.SHP.804753880,,source-switch,S5,S6,False,False,False,False,4000.0,10000.0,623.0,11968.0,828.5,1707.159090909091
PH,SHP,2025-11,2025-10,PH.SHP.815387876,,spike-out-trend,S5,S5,False,False,False,False,332.0,10000.0,50.0,14305.0,59.0,74.0
PH,SHP,2025-11,2025-10,PH.SHP.826031452,,spike-out-trend,S5,S5,False,False,False,False,3.0,4000.0,3.0,1554.0,128.0,83.0
PH,SHP,2025-11,2025-10,PH.SHP.828375334,,spike-out-trend,S5,S5,False,False,False,False,342.0,4000.0,103.0,1190.0,750.0,359.0
PH,SHP,2025-11,2025-10,PH.SHP.853669658,,spike-out-trend,S5,S5,False,False,False,False,216.0,6000.0,57.0,493.0,94.5,110.2
PH,SHP,2025-11,2025-10,PH.SHP.866898712,,spike-out-trend,S5,S5,False,False,False,False,17.0,1000.0,3.0,290.0,486.0,450.0
PH,SHP,2025-11,2025-10,PH.SHP.870838672,,spike-out-trend,S5,S5,False,False,False,False,568.0,4000.0,119.0,1296.0,64.5,50.6
PH,SHP,2025-11,2025-10,PH.SHP.879754718,,spike-out-trend,S5,S5,False,False,False,False,10000.0,10000.0,4119.0,6740.0,29.0,79.0
PH,SHP,2025-11,2025-10,PH.SHP.881852515,,spike-out-trend,S5,S5,False,False,False,False,63.0,2000.0,30.0,597.0,78.0,108.0
PH,SHP,2025-11,2025-10,PH.SHP.890249387,,spike-out-trend,S5,S5,False,False,False,False,36.0,75.0,8.0,12.0,250.5,363.0
PH,SHP,2025-11,2025-10,PH.SHP.897783431,,base-effect,S5,S5,False,False,False,False,8.0,1000.0,6.0,186.0,49.0,42.0
PH,SHP,2025-11,2025-10,PH.SHP.902536161,,spike-out-trend,S5,S5,False,False,False,False,71.0,619.0,18.0,142.0,3257.0,648.0
PH,SHP,2025-11,2025-10,PH.SHP.910545616,,spike-out-trend,S5,S5,False,False,False,False,548.0,2000.0,107.0,516.0,106.0,106.0
PH,SHP,2025-11,2025-10,PH.SHP.92793143,,spike-out-trend,S5,S5,False,False,False,False,606.0,9000.0,175.0,2096.0,339.0,198.0
PH,SHP,2025-11,2025-10,PH.SHP.94320906,,spike-out-trend,S5,S5,False,False,True,False,3000.0,10000.0,457.0,5068.0,159.9,172.06666666666666
PH,SHP,2025-11,2025-10,PH.SHP.9468200,,source-switch,S3,S5,False,False,True,False,10000.0,10000.0,57252.0,57327.0,75.0,80.5
PH,SHP,2025-11,2025-10,PH.SHP.961251546,,spike-out-trend,S5,S5,False,False,False,False,1000.0,10000.0,375.0,3531.0,227.0,284.1111111111111
PH,SHP,2025-11,2025-10,PH.SHP.97297528,,spike-out-trend,S5,S5,False,False,False,False,149.0,10000.0,47.0,5946.0,52.0,26.0
PH,SHP,2025-11,2025-10,PH.SHP.983980510,,spike-out-trend,S5,S5,False,False,False,False,18.0,60.0,5.0,11.0,269.0,265.0
PH,SHP,2025-11,2025-10,PH.SHP.984108276,,spike-out-trend,S5,S5,False,False,False,False,22.0,83.0,8.0,18.0,99.0,89.0
PH,SHP,2025-11,2025-10,PH.SHP.984174174,,spike-out-trend,S5,S5,False,False,False,False,40.0,89.0,12.0,21.0,99.0,199.0
PH,SHP,2025-11,2025-10,PH.SHP.992732533,,spike-out-trend,S5,S5,False,False,False,False,821.0,2000.0,109.0,563.0,280.0,252.0
PH,SHP,2025-11,2025-10,PH.SHP.996313840,,base-effect,S5,S5,False,False,False,False,65.0,222.0,3.0,54.0,11.0,516.0
PH,SHP,2025-11,2025-10,PH.SHP.999544166,,spike-out-trend,S5,S5,False,False,False,False,10.0,69.0,3.0,18.0,2700.0,1642.5
