country,platform,category_url,month_latest,lookback_months,months_observed,median_spu,latest_spu,trend_ratio,trend_status
ID,LAZ,https://www.lazada.co.id/beli-kopi,2025-12,3,2.0,289.0,340.0,117.65%,normal
ID,LAZ,https://www.lazada.co.id/beli-lap-bayi-isi-ulang/,2025-12,3,2.0,312.5,400.0,128.0%,normal
ID,LAZ,https://www.lazada.co.id/beli-makanan-bayi-balita,2025-12,3,2.0,304.5,362.0,118.88%,normal
ID,LAZ,https://www.lazada.co.id/beli-makanan-minuman-beku,2025-12,3,2.0,305.0,402.0,131.8%,normal
ID,LAZ,https://www.lazada.co.id/beli-makanan-minuman-susu-kental,2025-12,3,2.0,315.5,400.0,126.78%,normal
ID,LAZ,https://www.lazada.co.id/beli-mesin-kopi,2025-12,3,2.0,284.0,307.0,108.1%,normal
ID,LAZ,https://www.lazada.co.id/beli-pembalut/,2025-12,3,2.0,311.0,334.0,107.4%,normal
ID,LAZ,https://www.lazada.co.id/beli-popok-sekali-pakai/,2025-12,3,2.0,323.0,304.0,94.12%,normal
ID,LAZ,https://www.lazada.co.id/beli-susu-bayi-0-6-bulan,2025-12,3,2.0,285.5,323.0,113.13%,normal
ID,LAZ,https://www.lazada.co.id/beli-susu-bayi-6-12-bulan,2025-12,3,2.0,197.5,228.0,115.44%,normal
ID,LAZ,https://www.lazada.co.id/beli-susu-maternal,2025-12,3,2.0,272.5,360.0,132.11%,normal
ID,LAZ,https://www.lazada.co.id/beli-susu-pertumbuhan-1-3-tahun,2025-12,3,2.0,305.0,359.0,117.7%,normal
ID,LAZ,https://www.lazada.co.id/coklat-panas,2025-12,3,2.0,309.5,354.0,114.38%,normal
ID,LAZ,https://www.lazada.co.id/jual-makanan-anjing,2025-12,3,2.0,311.5,383.0,122.95%,normal
ID,LAZ,https://www.lazada.co.id/jual-makanan-kucing,2025-12,3,2.0,312.0,335.0,107.37%,normal
ID,LAZ,https://www.lazada.co.id/jual-sampah-kucing,2025-12,3,2.0,322.5,346.0,107.29%,normal
ID,LAZ,https://www.lazada.co.id/shop-Cokelat,2025-12,3,2.0,320.0,305.0,95.31%,normal
ID,LAZ,https://www.lazada.co.id/shop-green-black-&-classic-tea,2025-12,3,2.0,256.0,325.0,126.95%,normal
ID,LAZ,https://www.lazada.co.id/shop-kapsul-kopi,2025-12,3,2.0,227.0,250.0,110.13%,normal
ID,LAZ,https://www.lazada.co.id/shop-kopi-giling,2025-12,3,2.0,312.0,406.0,130.13%,normal
ID,LAZ,https://www.lazada.co.id/shop-kopi-instan,2025-12,3,2.0,316.5,360.0,113.74%,normal
ID,LAZ,https://www.lazada.co.id/shop-kopi-siap-minum,2025-12,3,2.0,315.5,399.0,126.47%,normal
ID,LAZ,https://www.lazada.co.id/shop-makanan-kaleng,2025-12,3,2.0,340.5,353.0,103.67%,normal
ID,LAZ,https://www.lazada.co.id/shop-permen-gummy,2025-12,3,2.0,312.0,360.0,115.38%,normal
ID,LAZ,https://www.lazada.co.id/shop-permen-kunyah-permen-tali,2025-12,3,2.0,337.0,342.0,101.48%,normal
ID,LAZ,https://www.lazada.co.id/shop-permen-mint,2025-12,3,2.0,311.0,403.0,129.58%,normal
ID,LAZ,https://www.lazada.co.id/shop-sugar,2025-12,3,2.0,315.0,309.0,98.1%,normal
ID,LAZ,https://www.lazada.co.id/shop-susu-segar,2025-12,3,2.0,312.0,440.0,141.03%,normal
ID,LAZ,https://www.lazada.co.id/shop-uht-milk-ready-to-drink,2025-12,3,2.0,326.0,368.0,112.88%,normal
ID,LAZ,https://www.lazada.co.id/suplemen-kesejahteraan,2025-12,3,2.0,304.0,393.0,129.28%,normal
ID,SHP,https://shopee.co.id/Canned-Food-cat.11043451.11043557?page=0&sortBy=sales,2025-12,3,1.0,300.0,500.0,166.67%,insufficient-history
ID,SHP,https://shopee.co.id/Cat-Food-cat.11043572.11043573.11043576,2025-12,3,2.0,300.0,458.0,152.67%,normal
ID,SHP,https://shopee.co.id/Chocolate-Drinks-cat.11043451.11043502.11043505,2025-12,3,2.0,300.0,419.0,139.67%,normal
ID,SHP,https://shopee.co.id/Chocolate-cat.11043451.11043453.11043455,2025-12,3,2.0,300.0,393.0,131.0%,normal
ID,SHP,https://shopee.co.id/Coffee-cat.11043451.11043502.11043503,2025-12,3,2.0,328.5,433.0,131.81%,normal
ID,SHP,https://shopee.co.id/Dairy-Eggs-cat.11043451.11043517,2025-12,3,2.0,300.0,438.0,146.0%,normal
ID,SHP,https://shopee.co.id/Dog-Treats-cat.11043572.11043573.11043575,2025-12,3,2.0,300.0,441.0,147.0%,normal
ID,SHP,https://shopee.co.id/Fresh-Frozen-Food-cat.11043451.11043529,2025-12,3,2.0,329.5,365.0,110.77%,normal
ID,SHP,https://shopee.co.id/Health-cat.11043279,2025-12,3,2.0,300.0,248.0,82.67%,normal
ID,SHP,https://shopee.co.id/Litter-Toilet-cat.11043572.11043596,2025-12,3,2.0,300.0,259.0,86.33%,normal
ID,SHP,https://shopee.co.id/Maternity-Milk-cat.11043350.11043385.11043386,2025-12,3,2.0,300.0,307.0,102.33%,normal
ID,SHP,https://shopee.co.id/Mesin-Kopi-Aksesoris-cat.11044258.11044294.11044300,2025-12,3,2.0,300.0,402.0,134.0%,normal
ID,SHP,https://shopee.co.id/Milk-Formula-Baby-Food-cat.11043350.11043428,2025-12,3,2.0,300.0,272.0,90.67%,normal
ID,SHP,https://shopee.co.id/Milk-Formula-cat.11043350.11043428.11043429,2025-12,3,2.0,300.0,455.0,151.67%,normal
ID,SHP,https://shopee.co.id/Popok-Sekali-Pakai-cat.11043350.11043433.11043436,2025-12,3,2.0,324.5,304.0,93.68%,normal
ID,SHP,https://shopee.co.id/Sanitary-Napkins-Panty-Liners-cat.11043279.11043331.11043332,2025-12,3,2.0,322.5,429.0,133.02%,normal
ID,SHP,https://shopee.co.id/Sweets-Candy-cat.11043451.11043453.11043454,2025-12,3,2.0,300.0,439.0,146.33%,normal
ID,SHP,https://shopee.co.id/Tisu-cat.11043350.11043390.11043394,2025-12,3,2.0,303.0,295.0,97.36%,normal
ID,SHP,https://shopee.co.id/Yogurt-Cultured-Milk-cat.11043451.11043517.11043522,2025-12,3,2.0,300.0,398.0,132.67%,normal
MY,LAZ,https://www.lazada.com.my/coffee,2025-12,3,2.0,323.0,400.0,123.84%,normal
MY,LAZ,https://www.lazada.com.my/hot-chocolate,2025-12,3,2.0,320.0,400.0,125.0%,normal
MY,LAZ,https://www.lazada.com.my/shop-baby-food-2,2025-12,3,2.0,321.0,440.0,137.07%,normal
MY,LAZ,https://www.lazada.com.my/shop-baby-wipes-refills/,2025-12,3,2.0,380.0,439.0,115.53%,normal
MY,LAZ,https://www.lazada.com.my/shop-cat-food,2025-12,3,2.0,380.0,440.0,115.79%,normal
MY,LAZ,https://www.lazada.com.my/shop-cat-litter,2025-12,3,2.0,339.0,360.0,106.19%,normal
MY,LAZ,https://www.lazada.com.my/shop-coffee-machines,2025-12,3,2.0,310.5,440.0,141.71%,normal
MY,LAZ,https://www.lazada.com.my/shop-diapers-1/,2025-12,3,2.0,352.5,334.0,94.75%,normal
MY,LAZ,https://www.lazada.com.my/shop-dog-food,2025-12,3,2.0,346.5,399.0,115.15%,normal
MY,LAZ,https://www.lazada.com.my/shop-followon-milk-formula,2025-12,3,2.0,149.0,190.0,127.52%,normal
MY,LAZ,https://www.lazada.com.my/shop-green-black-&-classic-tea,2025-12,3,2.0,320.0,395.0,123.44%,normal
MY,LAZ,https://www.lazada.com.my/shop-groceries-beverages-coffee-coffeecapsules,2025-12,3,2.0,273.5,399.0,145.89%,normal
MY,LAZ,https://www.lazada.com.my/shop-groceries-beverages-coffee-groundcoffee,2025-12,3,2.0,320.0,480.0,150.0%,normal
MY,LAZ,https://www.lazada.com.my/shop-groceries-beverages-coffee-instantcoffee,2025-12,3,2.0,310.5,318.0,102.42%,normal
MY,LAZ,https://www.lazada.com.my/shop-groceries-beverages-coffee-readytodrinkcoffee,2025-12,3,2.0,327.0,434.0,132.72%,normal
MY,LAZ,https://www.lazada.com.my/shop-groceries-beverages-uht-milk-milk-powder-condensed-milk,2025-12,3,2.0,180.5,238.0,131.86%,normal
MY,LAZ,https://www.lazada.com.my/shop-groceries-chocolatesnackssweets-chocolate,2025-12,3,2.0,319.0,360.0,112.85%,normal
MY,LAZ,https://www.lazada.com.my/shop-groceries-chocolatesnackssweets-mints,2025-12,3,2.0,339.5,418.0,123.12%,normal
MY,LAZ,https://www.lazada.com.my/shop-groceries-chocolatesnackssweets-sweets-chewycandy,2025-12,3,2.0,315.0,430.0,136.51%,normal
MY,LAZ,https://www.lazada.com.my/shop-groceries-chocolatesnackssweets-sweets-gummysweets,2025-12,3,2.0,320.0,352.0,110.0%,normal
MY,LAZ,https://www.lazada.com.my/shop-groceries-dairychilled-freshmilk,2025-12,3,2.0,267.5,360.0,134.58%,normal
MY,LAZ,https://www.lazada.com.my/shop-groceries-foodstaplescookingessentials-cannedfood,2025-12,3,2.0,317.0,360.0,113.56%,normal
MY,LAZ,https://www.lazada.com.my/shop-groceries-frozen-convenience-foods-ready-to-eat-meals,2025-12,3,2.0,275.0,302.0,109.82%,normal
MY,LAZ,https://www.lazada.com.my/shop-growth-milk-formula,2025-12,3,2.0,320.0,440.0,137.5%,normal
MY,LAZ,https://www.lazada.com.my/shop-hb-sanitary-napkins/,2025-12,3,2.0,360.0,432.0,120.0%,normal
MY,LAZ,https://www.lazada.com.my/shop-infant-milk-formula-2,2025-12,3,2.0,184.0,281.0,152.72%,normal
MY,LAZ,https://www.lazada.com.my/shop-maternal-milk-formula-2,2025-12,3,2.0,80.0,93.0,116.25%,normal
MY,LAZ,https://www.lazada.com.my/shop-milk-formula-tailored-nutrition,2025-12,3,2.0,206.0,256.0,124.27%,normal
MY,LAZ,https://www.lazada.com.my/shop-senior-health/?spm=a2o4k.pdp_revamp.breadcrumb.2.63081a9aARLUNN,2025-12,3,1.0,400.0,400.0,100.0%,insufficient-history
MY,LAZ,https://www.lazada.com.my/shop-sugar,2025-12,3,2.0,294.5,360.0,122.24%,normal
MY,LAZ,https://www.lazada.com.my/shop-toddler-milk,2025-12,3,2.0,320.0,400.0,125.0%,normal
MY,LAZ,https://www.lazada.com.my/shop-uht-milk-ready-to-drink,2025-12,3,2.0,316.0,359.0,113.61%,normal
MY,LAZ,https://www.lazada.com.my/shop-well-being,2025-12,3,2.0,317.5,400.0,125.98%,normal
MY,SHP,https://shopee.com.my/Adult-Diapers-cat.11000168.11000272.11000279,2025-12,3,1.0,300.0,449.0,149.67%,insufficient-history
MY,SHP,https://shopee.com.my/Canned-Packed-Food-cat.11000003.11000035,2025-12,3,2.0,300.0,441.0,147.0%,normal
MY,SHP,https://shopee.com.my/Cat-Food-Treats-cat.11000003.11000125.11000127,2025-12,3,2.0,300.0,437.0,145.67%,normal
MY,SHP,https://shopee.com.my/Chocolate-Malt-cat.11000003.11000091.11000092,2025-12,3,2.0,300.0,345.0,115.0%,normal
MY,SHP,https://shopee.com.my/Chocolate-cat.11000003.11000010.11000012,2025-12,3,2.0,300.0,411.0,137.0%,normal
MY,SHP,https://shopee.com.my/Coffee-Machines-and-Accessories-cat.11000824.11000861.11000864,2025-12,3,2.0,300.0,351.0,117.0%,normal
MY,SHP,https://shopee.com.my/Coffee-Tea-cat.11000003.11000069,2025-12,3,2.0,300.0,453.0,151.0%,normal
MY,SHP,https://shopee.com.my/Disposable-Diapers-cat.11000345.11000397.11000402,2025-12,3,2.0,300.0,339.0,113.0%,normal
MY,SHP,https://shopee.com.my/Dog-Food-Treats-cat.11000003.11000125.11000126,2025-12,3,2.0,300.0,439.0,146.33%,normal
MY,SHP,https://shopee.com.my/Formula-Food-cat.11000345.11000422,2025-12,3,2.0,300.0,423.0,141.0%,normal
MY,SHP,https://shopee.com.my/Fresh-Frozen-Food-cat.11000003.11000099,2025-12,3,2.0,300.0,387.0,129.0%,normal
MY,SHP,https://shopee.com.my/Infant-Milk-(0-6-months)-cat.11000345.11000422.11000425,2025-12,3,2.0,270.5,308.0,113.86%,normal
MY,SHP,https://shopee.com.my/Maternal-Milk-cat.11000345.11000422.11000424,2025-12,3,2.0,202.5,371.0,183.21%,normal
MY,SHP,https://shopee.com.my/Pet-Toilets-Litters-Pads-cat.11000003.11000125.11000138,2025-12,3,2.0,300.0,324.0,108.0%,normal
MY,SHP,https://shopee.com.my/Sanitary-Napkins-Panty-Liners-cat.11000168.11000272.11000280,2025-12,3,1.0,300.0,458.0,152.67%,insufficient-history
MY,SHP,https://shopee.com.my/Sweets-Candies-cat.11000003.11000010.11000011,2025-12,3,2.0,300.0,443.0,147.67%,normal
MY,SHP,https://shopee.com.my/Well-being-cat.11000168.11000338.11000342,2025-12,3,2.0,300.0,436.0,145.33%,normal
MY,SHP,https://shopee.com.my/Wipes-Refills-cat.11000345.11000385.11000393,2025-12,3,2.0,300.0,443.0,147.67%,normal
MY,SHP,https://shopee.com.my/Yogurt-Drinks-cat.11000003.11000079.11000090,2025-12,3,2.0,250.5,393.0,156.89%,normal
PH,LAZ,ANTACIDS,2025-12,3,0.0,0.0,320.0,-,insufficient-history
PH,LAZ,AUTOMATIC DISHWASHING DETERGENTS,2025-12,3,0.0,0.0,320.0,-,insufficient-history
PH,LAZ,CONDOMS,2025-12,3,0.0,0.0,320.0,-,insufficient-history
PH,LAZ,DISINFECTANT AEROSOL,2025-12,3,0.0,0.0,320.0,-,insufficient-history
PH,LAZ,HAIR REMOVAL,2025-12,3,0.0,0.0,320.0,-,insufficient-history
PH,LAZ,LUBRICANTS,2025-12,3,0.0,0.0,320.0,-,insufficient-history
PH,LAZ,MILK POWDER FOR ADULTS,2025-12,3,0.0,0.0,320.0,-,insufficient-history
PH,LAZ,MILK POWDER FOR INFANTS AND CHILDREN,2025-12,3,0.0,0.0,320.0,-,insufficient-history
PH,LAZ,MULTI-ACTION CLEANER,2025-12,3,0.0,0.0,320.0,-,insufficient-history
PH,LAZ,MULTI-INSECT KILLER SPRAY INSECTICIDE,2025-12,3,0.0,0.0,320.0,-,insufficient-history
PH,LAZ,PHARYNGEAL PREPARATIONS,2025-12,3,0.0,0.0,320.0,-,insufficient-history
PH,LAZ,READY-TO-DRINK MILK,2025-12,3,0.0,0.0,320.0,-,insufficient-history
PH,LAZ,SEX TOYS,2025-12,3,0.0,0.0,320.0,-,insufficient-history
PH,LAZ,TOILET BOWL CLEANER,2025-12,3,0.0,0.0,320.0,-,insufficient-history
PH,LAZ,https://www.lazada.com.ph/shop-baby-wipes-refills/,2025-12,3,2.0,315.5,392.0,124.25%,normal
PH,LAZ,https://www.lazada.com.ph/shop-disposable-diapers/,2025-12,3,2.0,319.5,402.0,125.82%,normal
PH,LAZ,https://www.lazada.com.ph/shop-eye-ear-nose-throat-care/?spm=a2o4l.pdp_revamp.breadcrumb.4.6b922254FVpAhg,2025-12,3,1.0,320.0,361.0,112.81%,insufficient-history
PH,LAZ,https://www.lazada.com.ph/shop-groceries-beverages-uht-milk-milk-powder-milk-powder/?spm=a2o4l.pdp_revamp.breadcrumb.4.4ac14f719pvuss,2025-12,3,1.0,314.0,409.0,130.25%,insufficient-history
PH,LAZ,https://www.lazada.com.ph/shop-groceries-household-cleaning-bathroomtoilet-toiletcleaners/?spm=a2o4l.pdp_revamp.breadcrumb.4.4d877b9cPWLnLx,2025-12,3,1.0,320.0,436.0,136.25%,insufficient-history
PH,LAZ,https://www.lazada.com.ph/shop-groceries-laundry-household-cleaning-multipurpose-cleaner/?spm=a2o4l.pdp_revamp.breadcrumb.3.4b9b7a6exN8nFb,2025-12,3,1.0,324.0,440.0,135.8%,insufficient-history
PH,LAZ,https://www.lazada.com.ph/shop-groceries-laundry-household-dishwashing-automatic-dishwashing/?spm=a2o4l.pdp_revamp.breadcrumb.5.35e33fc9CgKENX,2025-12,3,1.0,110.0,112.0,101.82%,insufficient-history
PH,LAZ,https://www.lazada.com.ph/shop-growth-milk-formula/?spm=a2o4l.pdp_revamp.breadcrumb.4.5b652fc9C4fwQn,2025-12,3,1.0,256.0,440.0,171.88%,insufficient-history
PH,LAZ,https://www.lazada.com.ph/shop-hair-removal/?spm=a2o4l.pdp_revamp.breadcrumb.4.154465d5tVUpvO,2025-12,3,1.0,324.0,415.0,128.09%,insufficient-history
PH,LAZ,https://www.lazada.com.ph/shop-healthbeauty-medicalsupplies-firstaidsupplies-antisepticsdisinfectants/?spm=a2o4l.pdp_revamp.breadcrumb.4.542a167ecy3jCf,2025-12,3,1.0,320.0,338.0,105.62%,insufficient-history
PH,LAZ,https://www.lazada.com.ph/shop-indigestion-heartburn-medicine/?spm=a2o4l.pdp_revamp.breadcrumb.4.6ebe3f2cE1zwfA,2025-12,3,1.0,120.0,170.0,141.67%,insufficient-history
PH,LAZ,https://www.lazada.com.ph/shop-insecticide-sprays-devices-&-coils/?spm=a2o4l.pdp_revamp.breadcrumb.3.7a667c8fHNRgRc,2025-12,3,1.0,320.0,454.0,141.88%,insufficient-history
PH,LAZ,https://www.lazada.com.ph/shop-personal-pleasure-lubricants/?spm=a2o4l.pdp_revamp.breadcrumb.3.37bd174ePXHJsB,2025-12,3,1.0,320.0,399.0,124.69%,insufficient-history
PH,LAZ,https://www.lazada.com.ph/shop-personal-pleasure-sensual-toys/?spm=a2o4l.pdp_revamp.breadcrumb.3.12f129d1zWV6LB,2025-12,3,1.0,320.0,440.0,137.5%,insufficient-history
PH,LAZ,https://www.lazada.com.ph/shop-safer-sex-&-contraception-products/?spm=a2o4l.pdp_revamp.breadcrumb.3.3f5c67e0E0uQhz,2025-12,3,1.0,324.0,405.0,125.0%,insufficient-history
PH,LAZ,https://www.lazada.com.ph/shop-sanitary-napkins/,2025-12,3,2.0,319.0,397.0,124.45%,normal
PH,LAZ,https://www.lazada.com.ph/shop-uht-milk-ready-to-drink/?spm=a2o4l.pdp_revamp.breadcrumb.4.2b80379d3kRMGK,2025-12,3,1.0,320.0,440.0,137.5%,insufficient-history
PH,SHP,ANTACIDS,2025-12,3,0.0,0.0,349.0,-,insufficient-history
PH,SHP,AUTOMATIC DISHWASHING DETERGENTS,2025-12,3,0.0,0.0,349.0,-,insufficient-history
PH,SHP,CONDOMS,2025-12,3,0.0,0.0,349.0,-,insufficient-history
PH,SHP,DISINFECTANT AEROSOL,2025-12,3,0.0,0.0,349.0,-,insufficient-history
PH,SHP,HAIR REMOVAL,2025-12,3,0.0,0.0,349.0,-,insufficient-history
PH,SHP,LUBRICANTS,2025-12,3,0.0,0.0,349.0,-,insufficient-history
PH,SHP,MILK POWDER FOR ADULTS,2025-12,3,0.0,0.0,349.0,-,insufficient-history
PH,SHP,MILK POWDER FOR INFANTS AND CHILDREN,2025-12,3,0.0,0.0,349.0,-,insufficient-history
PH,SHP,MULTI-ACTION CLEANER,2025-12,3,0.0,0.0,349.0,-,insufficient-history
PH,SHP,MULTI-INSECT KILLER SPRAY INSECTICIDE,2025-12,3,0.0,0.0,349.0,-,insufficient-history
PH,SHP,PHARYNGEAL PREPARATIONS,2025-12,3,0.0,0.0,349.0,-,insufficient-history
PH,SHP,READY-TO-DRINK MILK,2025-12,3,0.0,0.0,349.0,-,insufficient-history
PH,SHP,SEX TOYS,2025-12,3,0.0,0.0,334.0,-,insufficient-history
PH,SHP,https://shopee.ph/Adult-Toys-cat.11021260.11021341.11021343,2025-12,3,1.0,300.0,462.0,154.0%,insufficient-history
PH,SHP,https://shopee.ph/Candy-cat.11021197.11021224.11021226,2025-12,3,1.0,300.0,408.0,136.0%,insufficient-history
PH,SHP,https://shopee.ph/Chocolates-cat.11021197.11021224.11021227,2025-12,3,1.0,300.0,414.0,138.0%,insufficient-history
PH,SHP,https://shopee.ph/Cleaning-Soap-cat.11021197.11021207.11021208,2025-12,3,1.0,300.0,459.0,153.0%,insufficient-history
PH,SHP,https://shopee.ph/Condoms-cat.11021260.11021341.11021342,2025-12,3,1.0,300.0,451.0,150.33%,insufficient-history
PH,SHP,https://shopee.ph/Disposable-Diaper-cat.11021766.11021769.11021771,2025-12,3,2.0,329.5,465.0,141.12%,normal
PH,SHP,https://shopee.ph/Feminine-Care-cat.11021260.11021293.11021298,2025-12,3,2.0,300.0,444.0,148.0%,normal
PH,SHP,https://shopee.ph/Growing-Up-Milk-(3-years-)-cat.11021766.11021780.11021802,2025-12,3,1.0,300.0,418.0,139.33%,insufficient-history
PH,SHP,https://shopee.ph/Hair-Removal-cat.11021260.11021293.11021295,2025-12,3,1.0,300.0,433.0,144.33%,insufficient-history
PH,SHP,https://shopee.ph/Lubricants-cat.11021260.11021341.11021344,2025-12,3,1.0,300.0,451.0,150.33%,insufficient-history
PH,SHP,https://shopee.ph/Milk-Powder-cat.11021197.11021200.11044675,2025-12,3,1.0,300.0,448.0,149.33%,insufficient-history
PH,SHP,https://shopee.ph/Over-the-Counter-Medicine-cat.11021260.11021330.11021339,2025-12,3,1.0,300.0,343.0,114.33%,insufficient-history
PH,SHP,https://shopee.ph/Pet-Food-Treats-cat.11021881.11021884,2025-12,3,1.0,300.0,423.0,141.0%,insufficient-history
PH,SHP,https://shopee.ph/Rodent-Insect-Control-cat.11021407.11021568.11021570,2025-12,3,1.0,300.0,426.0,142.0%,insufficient-history
PH,SHP,https://shopee.ph/Wipes-cat.11021766.11021769.11021777,2025-12,3,2.0,300.0,424.0,141.33%,normal
SG,LAZ,https://www.lazada.sg/baby-toddler-foods,2025-12,3,2.0,350.5,360.0,102.71%,normal
SG,LAZ,https://www.lazada.sg/coffee,2025-12,3,2.0,320.5,360.0,112.32%,normal
SG,LAZ,https://www.lazada.sg/hot-chocolate,2025-12,3,2.0,337.5,307.0,90.96%,normal
SG,LAZ,https://www.lazada.sg/shop-Groceries-ChocolateSnacksSweets-Chocolate,2025-12,3,2.0,311.5,361.0,115.89%,normal
SG,LAZ,https://www.lazada.sg/shop-Groceries-ChocolateSnacksSweets-Mints,2025-12,3,2.0,393.5,315.0,80.05%,normal
SG,LAZ,https://www.lazada.sg/shop-baby-wipes-refills/,2025-12,3,2.0,328.0,320.0,97.56%,normal
SG,LAZ,https://www.lazada.sg/shop-cat-food,2025-12,3,2.0,360.0,303.0,84.17%,normal
SG,LAZ,https://www.lazada.sg/shop-cat-litter,2025-12,3,2.0,347.5,334.0,96.12%,normal
SG,LAZ,https://www.lazada.sg/shop-coffee-machines,2025-12,3,2.0,322.0,401.0,124.53%,normal
SG,LAZ,https://www.lazada.sg/shop-disposable-diapers/,2025-12,3,2.0,333.0,306.0,91.89%,normal
SG,LAZ,https://www.lazada.sg/shop-dog-food,2025-12,3,2.0,346.5,300.0,86.58%,normal
SG,LAZ,https://www.lazada.sg/shop-followon-milk-formula,2025-12,3,2.0,149.0,163.0,109.4%,normal
SG,LAZ,https://www.lazada.sg/shop-formula-milk,2025-12,3,2.0,350.5,427.0,121.83%,normal
SG,LAZ,https://www.lazada.sg/shop-green-black-&-classic-tea,2025-12,3,2.0,310.5,360.0,115.94%,normal
SG,LAZ,https://www.lazada.sg/shop-groceries-beverages-coffee-coffeecapsules,2025-12,3,2.0,320.0,399.0,124.69%,normal
SG,LAZ,https://www.lazada.sg/shop-groceries-beverages-coffee-groundcoffee,2025-12,3,2.0,300.5,328.0,109.15%,normal
SG,LAZ,https://www.lazada.sg/shop-groceries-beverages-coffee-instantcoffee,2025-12,3,2.0,360.0,360.0,100.0%,normal
SG,LAZ,https://www.lazada.sg/shop-groceries-beverages-coffee-readytodrinkcoffee,2025-12,3,2.0,328.5,340.0,103.5%,normal
SG,LAZ,https://www.lazada.sg/shop-groceries-beverages-uht-milk-milk-powder-condensed-milk,2025-12,3,2.0,179.5,180.0,100.28%,normal
SG,LAZ,https://www.lazada.sg/shop-groceries-chocolatesnackssweets-sweets-chewycandy,2025-12,3,2.0,336.0,301.0,89.58%,normal
SG,LAZ,https://www.lazada.sg/shop-groceries-dairychilled-freshmilk,2025-12,3,2.0,260.0,233.0,89.62%,normal
SG,LAZ,https://www.lazada.sg/shop-groceries-dairychilled-readymealsreadytocook-chilledreadymeals,2025-12,3,2.0,336.0,271.0,80.65%,normal
SG,LAZ,https://www.lazada.sg/shop-groceries-foodstaplescookingessentials-cannedfood,2025-12,3,2.0,321.0,325.0,101.25%,normal
SG,LAZ,https://www.lazada.sg/shop-growth-milk,2025-12,3,2.0,205.5,330.0,160.58%,normal
SG,LAZ,https://www.lazada.sg/shop-hb-sanitary-napkins/?,2025-12,3,2.0,340.0,369.0,108.53%,normal
SG,LAZ,https://www.lazada.sg/shop-infant-milk,2025-12,3,2.0,125.5,159.0,126.69%,normal
SG,LAZ,https://www.lazada.sg/shop-maternal-milk,2025-12,3,2.0,242.5,240.0,98.97%,normal
SG,LAZ,https://www.lazada.sg/shop-sugar,2025-12,3,2.0,320.0,322.0,100.63%,normal
SG,LAZ,https://www.lazada.sg/shop-toddler-milk,2025-12,3,2.0,278.5,334.0,119.93%,normal
SG,LAZ,https://www.lazada.sg/shop-uht-milk-ready-to-drink,2025-12,3,2.0,379.5,359.0,94.6%,normal
SG,LAZ,https://www.lazada.sg/shop-well-being,2025-12,3,2.0,338.5,360.0,106.35%,normal
SG,SHP,https://shopee.sg/Baby-Food-cat.11011538.11011639.11011650,2025-12,3,2.0,300.0,416.0,138.67%,normal
SG,SHP,https://shopee.sg/Baby-Wipes-cat.11011538.11011584.11011588,2025-12,3,2.0,300.0,402.0,134.0%,normal
SG,SHP,https://shopee.sg/Candy-cat.11011871.11011998.11012006,2025-12,3,2.0,300.0,396.0,132.0%,normal
SG,SHP,https://shopee.sg/Canned-Dried-Food-cat.11011871.11011936.11011942,2025-12,3,2.0,300.0,440.0,146.67%,normal
SG,SHP,https://shopee.sg/Cat-Food-Treats-cat.11012453.11027603.11027606,2025-12,3,2.0,300.0,466.0,155.33%,normal
SG,SHP,https://shopee.sg/Chocolate-cat.11011871.11011998.11012005,2025-12,3,2.0,275.5,335.0,121.6%,normal
SG,SHP,https://shopee.sg/Coffee-Machines-cat.11027421.11027457.11027468,2025-12,3,2.0,329.5,405.0,122.91%,normal
SG,SHP,https://shopee.sg/Coffee-cat.11011871.11011889.11011900,2025-12,3,2.0,300.0,420.0,140.0%,normal
SG,SHP,https://shopee.sg/Dairy-Eggs-Chilled-Food-cat.11011871.11011925,2025-12,3,2.0,286.5,371.0,129.49%,normal
SG,SHP,https://shopee.sg/Disposable-Diapers-cat.11011538.11011614.11011616,2025-12,3,2.0,329.5,441.0,133.84%,normal
SG,SHP,https://shopee.sg/Dog-Food-Treats-cat.11012453.11027603.11027605,2025-12,3,2.0,300.0,472.0,157.33%,normal
SG,SHP,https://shopee.sg/Frozen-Food-cat.11011871.11011956,2025-12,3,2.0,329.0,434.0,131.91%,normal
SG,SHP,https://shopee.sg/Health-Wellness-cat.11027491,2025-12,3,2.0,281.0,302.0,107.47%,normal
SG,SHP,https://shopee.sg/Infant-Milk-Formula-cat.11011538.11059285,2025-12,3,2.0,198.0,334.0,168.69%,normal
SG,SHP,https://shopee.sg/Instant-Drink-cat.11011871.11011889.11011897,2025-12,3,2.0,299.5,396.0,132.22%,normal
SG,SHP,https://shopee.sg/Maternal-Milk-cat.11011538.11011731.11011737,2025-12,3,2.0,77.5,133.0,171.61%,normal
SG,SHP,https://shopee.sg/Milk-Formula-(1-year-)-cat.11011538.11011731,2025-12,3,2.0,300.0,431.0,143.67%,normal
SG,SHP,https://shopee.sg/Pet-Cleaning-Bath-Needs-cat.11012453.11027618.11027620,2025-12,3,2.0,300.0,430.0,143.33%,normal
SG,SHP,https://shopee.sg/Sanitary-Pads-Pantyliners-cat.11012301.11012345.11012348,2025-12,3,2.0,300.0,445.0,148.33%,normal
SG,SHP,https://shopee.sg/Yogurt-Cultured-Milk-cat.11011871.11011925.11011928,2025-12,3,2.0,147.0,146.0,99.32%,normal
TH,LAZ,https://www.lazada.co.th/shop-Groceries-ChocolateSnacksSweets-Chocolate,2025-12,3,2.0,359.5,400.0,111.27%,normal
TH,LAZ,https://www.lazada.co.th/shop-Groceries-ChocolateSnacksSweets-Mints,2025-12,3,2.0,354.5,439.0,123.84%,normal
TH,LAZ,https://www.lazada.co.th/shop-baby-food,2025-12,3,2.0,320.0,440.0,137.5%,normal
TH,LAZ,https://www.lazada.co.th/shop-baby-wipes-refills/,2025-12,3,1.0,320.0,0.0,0.0%,insufficient-history
TH,LAZ,https://www.lazada.co.th/shop-cat-food,2025-12,3,2.0,340.5,360.0,105.73%,normal
TH,LAZ,https://www.lazada.co.th/shop-cat-litter,2025-12,3,2.0,340.0,432.0,127.06%,normal
TH,LAZ,https://www.lazada.co.th/shop-coffee,2025-12,3,2.0,320.0,360.0,112.5%,normal
TH,LAZ,https://www.lazada.co.th/shop-coffee-machines,2025-12,3,2.0,320.0,400.0,125.0%,normal
TH,LAZ,https://www.lazada.co.th/shop-diapers/,2025-12,3,2.0,317.5,359.0,113.07%,normal
TH,LAZ,https://www.lazada.co.th/shop-dog-food,2025-12,3,2.0,381.0,360.0,94.49%,normal
TH,LAZ,https://www.lazada.co.th/shop-followon-milk-formula,2025-12,3,2.0,320.0,341.0,106.56%,normal
TH,LAZ,https://www.lazada.co.th/shop-green-black-&-classic-tea,2025-12,3,2.0,317.0,399.0,125.87%,normal
TH,LAZ,https://www.lazada.co.th/shop-groceries-beverages-coffee-coffeecapsules,2025-12,3,2.0,320.0,360.0,112.5%,normal
TH,LAZ,https://www.lazada.co.th/shop-groceries-beverages-coffee-groundcoffee,2025-12,3,2.0,320.0,400.0,125.0%,normal
TH,LAZ,https://www.lazada.co.th/shop-groceries-beverages-coffee-instantcoffee,2025-12,3,2.0,320.0,400.0,125.0%,normal
TH,LAZ,https://www.lazada.co.th/shop-groceries-beverages-coffee-readytodrinkcoffee,2025-12,3,2.0,314.5,401.0,127.5%,normal
TH,LAZ,https://www.lazada.co.th/shop-groceries-beverages-uht-milk-milk-powder-condensed-milk,2025-12,3,2.0,220.0,305.0,138.64%,normal
TH,LAZ,https://www.lazada.co.th/shop-groceries-chocolatesnackssweets-sweets-chewycandy,2025-12,3,2.0,378.5,480.0,126.82%,normal
TH,LAZ,https://www.lazada.co.th/shop-groceries-chocolatesnackssweets-sweets-gummysweets,2025-12,3,2.0,340.0,400.0,117.65%,normal
TH,LAZ,https://www.lazada.co.th/shop-groceries-dairychilled-freshmilk,2025-12,3,2.0,314.0,400.0,127.39%,normal
TH,LAZ,https://www.lazada.co.th/shop-groceries-dairychilled-readymealsreadytocook-chilledreadymeals,2025-12,3,2.0,320.0,520.0,162.5%,normal
TH,LAZ,https://www.lazada.co.th/shop-groceries-foodstaplescookingessentials-cannedfood,2025-12,3,2.0,320.0,360.0,112.5%,normal
TH,LAZ,https://www.lazada.co.th/shop-growth-milk-formula,2025-12,3,2.0,212.5,225.0,105.88%,normal
TH,LAZ,https://www.lazada.co.th/shop-health-well-being,2025-12,3,2.0,360.0,360.0,100.0%,normal
TH,LAZ,https://www.lazada.co.th/shop-healthbeauty-personalcare-femininecare-sanitarypanties/,2025-12,3,2.0,349.0,205.0,58.74%,abnormal-drop
TH,LAZ,https://www.lazada.co.th/shop-hot-chocolate,2025-12,3,2.0,320.0,405.0,126.56%,normal
TH,LAZ,https://www.lazada.co.th/shop-infant-milk-formula,2025-12,3,2.0,319.5,360.0,112.68%,normal
TH,LAZ,https://www.lazada.co.th/shop-maternal-milk-formula,2025-12,3,2.0,100.5,72.0,71.64%,abnormal-drop
TH,LAZ,https://www.lazada.co.th/shop-milk-formula-and-baby-food,2025-12,3,2.0,318.5,400.0,125.59%,normal
TH,LAZ,https://www.lazada.co.th/shop-senior-health/?spm=a2o4m.pdp_revamp.breadcrumb.2.4a2f7c380Kih00,2025-12,3,1.0,400.0,400.0,100.0%,insufficient-history
TH,LAZ,https://www.lazada.co.th/shop-sugar,2025-12,3,2.0,340.0,400.0,117.65%,normal
TH,LAZ,https://www.lazada.co.th/shop-toddler-milk-1-under-3-yrs,2025-12,3,2.0,320.0,332.0,103.75%,normal
TH,LAZ,https://www.lazada.co.th/shop-uht-milk-ready-to-drink,2025-12,3,2.0,329.5,400.0,121.4%,normal
TH,LAZ,https://www.lazada.co.th/shop-wipes,2025-12,3,1.0,336.0,320.0,95.24%,insufficient-history
TH,SHP,https://shopee.co.th/Adult-Diapers-cat.11044942.11045039.11045297,2025-12,3,1.0,300.0,468.0,156.0%,insufficient-history
TH,SHP,https://shopee.co.th/Baby-milk-and-food-for-infant-cat.11044960.11045223,2025-12,3,2.0,300.0,387.0,129.0%,normal
TH,SHP,https://shopee.co.th/Baby-milk-and-food-for-kids-above-1-year-cat.11044960.11045222,2025-12,3,2.0,300.0,451.0,150.33%,normal
TH,SHP,https://shopee.co.th/Canned-Food-cat.11044943.11045050.11045350,2025-12,3,2.0,300.0,375.0,125.0%,normal
TH,SHP,https://shopee.co.th/Cat-Treats-cat.11044947.11045086.11045478,2025-12,3,2.0,300.0,455.0,151.67%,normal
TH,SHP,https://shopee.co.th/Chocolate-Drinks-cat.11044943.11045054.11045384,2025-12,3,2.0,300.0,402.0,134.0%,normal
TH,SHP,https://shopee.co.th/Chocolate-cat.11044943.11045055.11045395,2025-12,3,2.0,300.0,404.0,134.67%,normal
TH,SHP,https://shopee.co.th/Coffee-Machines-Accessories-cat.11044955.11045170.11045749,2025-12,3,2.0,300.0,391.0,130.33%,normal
TH,SHP,https://shopee.co.th/Coffee-cat.11044943.11045054.11045385,2025-12,3,2.0,300.0,444.0,148.0%,normal
TH,SHP,https://shopee.co.th/Dairy-Eggs-cat.11044943.11045051,2025-12,3,2.0,300.0,428.0,142.67%,normal
TH,SHP,https://shopee.co.th/Diapers-Wipes-cat.11044960.11045218,2025-12,3,2.0,300.0,402.0,134.0%,normal
TH,SHP,https://shopee.co.th/Dog-Food-cat.11044947.11045086.11045471,2025-12,3,2.0,300.0,452.0,150.67%,normal
TH,SHP,https://shopee.co.th/Fresh-Frozen-Food-cat.11044943.11045047,2025-12,3,2.0,300.0,409.0,136.33%,normal
TH,SHP,https://shopee.co.th/Health-Wellness-cat.11044942,2025-12,3,2.0,300.0,393.0,131.0%,normal
TH,SHP,https://shopee.co.th/Litter-Toilet-cat.11044947.11045088,2025-12,3,2.0,300.0,347.0,115.67%,normal
TH,SHP,https://shopee.co.th/Maternity-Formula-cat.11044960.11045228.11046168,2025-12,3,2.0,128.5,225.0,175.1%,normal
TH,SHP,https://shopee.co.th/Snacks-cat.11044943.11045055,2025-12,3,2.0,300.0,419.0,139.67%,normal
TH,SHP,https://shopee.co.th/Specialty-Milk-Formula-cat.11044960.11045224,2025-12,3,1.0,282.0,0.0,0.0%,insufficient-history
TH,SHP,https://shopee.co.th/Sweets-Candy-cat.11044943.11045055.11045389,2025-12,3,2.0,300.0,443.0,147.67%,normal
TH,SHP,https://shopee.co.th/Tape-Pants-Disposable-Diapers-cat.11044960.11045218.11046127,2025-12,3,2.0,300.0,407.0,135.67%,normal
TH,SHP,https://shopee.co.th/Tea-Tea-Bags-cat.11044943.11045054.11045381,2025-12,3,2.0,300.0,457.0,152.33%,normal
TH,SHP,https://shopee.co.th/Wet-Wipes-cat.11044960.11045218.11046128,2025-12,3,1.0,300.0,440.0,146.67%,insufficient-history
TH,SHP,https://shopee.co.th/Women's-Hygiene-cat.11044959.11045210.11046082,2025-12,3,2.0,369.0,458.0,124.12%,normal
TH,SHP,https://shopee.co.th/Yogurt-Cultured-Milk-cat.11044943.11045051.11045356,2025-12,3,2.0,300.0,395.0,131.67%,normal
TW,SHP,https://shopee.tw/Imported-Snacks-cat.11040483.11042031,2025-12,3,0.0,0.0,361.0,-,insufficient-history
TW,SHP,https://shopee.tw/Pets-cat.11040647,2025-12,3,0.0,0.0,392.0,-,insufficient-history
VN,LAZ,https://www.lazada.vn/bach-hoa-online-sua-dac,2025-12,3,2.0,320.5,360.0,112.32%,normal
VN,LAZ,https://www.lazada.vn/ca-phe,2025-12,3,2.0,318.5,398.0,124.96%,normal
VN,LAZ,https://www.lazada.vn/cat-ve-sinh-meo,2025-12,3,2.0,335.5,364.0,108.49%,normal
VN,LAZ,https://www.lazada.vn/cham-soc-cho-nguoi-cao-tuoi/?spm=a2o4n.pdp_revamp.breadcrumb.2.46124fe0gXXZbS,2025-12,3,1.0,381.0,440.0,115.49%,insufficient-history
VN,LAZ,https://www.lazada.vn/cham-soc-suc-khoe,2025-12,3,2.0,315.0,400.0,126.98%,normal
VN,LAZ,https://www.lazada.vn/khan-uot/,2025-12,3,2.0,340.5,400.0,117.47%,normal
VN,LAZ,https://www.lazada.vn/mua-may-pha-cafe,2025-12,3,2.0,320.0,434.0,135.62%,normal
VN,LAZ,https://www.lazada.vn/san-pham-sua-cho-me,2025-12,3,2.0,280.0,400.0,142.86%,normal
VN,LAZ,https://www.lazada.vn/shop-bang-ve-sinh/?,2025-12,3,2.0,167.5,182.0,108.66%,normal
VN,LAZ,https://www.lazada.vn/shop-ca-phe-pha-san,2025-12,3,2.0,312.0,400.0,128.21%,normal
VN,LAZ,https://www.lazada.vn/shop-ca-phe-uong-lien,2025-12,3,2.0,318.5,400.0,125.59%,normal
VN,LAZ,https://www.lazada.vn/shop-ca-phe-vien-nen,2025-12,3,2.0,320.0,360.0,112.5%,normal
VN,LAZ,https://www.lazada.vn/shop-ca-phe-xay,2025-12,3,2.0,320.0,400.0,125.0%,normal
VN,LAZ,https://www.lazada.vn/shop-do-hop,2025-12,3,2.0,311.0,440.0,141.48%,normal
VN,LAZ,https://www.lazada.vn/shop-green-black-&-classic-tea,2025-12,3,2.0,321.5,360.0,111.98%,normal
VN,LAZ,https://www.lazada.vn/shop-hot-chocolate,2025-12,3,2.0,319.0,399.0,125.08%,normal
VN,LAZ,https://www.lazada.vn/shop-keo-bac-ha,2025-12,3,2.0,372.5,399.0,107.11%,normal
VN,LAZ,https://www.lazada.vn/shop-keo-chewy,2025-12,3,2.0,340.0,400.0,117.65%,normal
VN,LAZ,https://www.lazada.vn/shop-keo-deo,2025-12,3,2.0,326.0,360.0,110.43%,normal
VN,LAZ,https://www.lazada.vn/shop-mon-an-nau-san,2025-12,3,2.0,320.0,400.0,125.0%,normal
VN,LAZ,https://www.lazada.vn/shop-so-co-la,2025-12,3,2.0,320.0,322.0,100.63%,normal
VN,LAZ,https://www.lazada.vn/shop-sua-tuoi,2025-12,3,2.0,319.5,398.0,124.57%,normal
VN,LAZ,https://www.lazada.vn/shop-sugar,2025-12,3,2.0,315.0,313.0,99.37%,normal
VN,LAZ,https://www.lazada.vn/shop-uht-milk-ready-to-drink,2025-12,3,2.0,320.5,400.0,124.8%,normal
VN,LAZ,https://www.lazada.vn/sua-bot-cho-be,2025-12,3,2.0,312.5,360.0,115.2%,normal
VN,LAZ,https://www.lazada.vn/sua-cho-be-so-sinh,2025-12,3,2.0,296.5,312.0,105.23%,normal
VN,LAZ,https://www.lazada.vn/sua-cho-tre-6-12-thang-tuoi,2025-12,3,2.0,166.0,154.0,92.77%,normal
VN,LAZ,https://www.lazada.vn/sua-cho-tre-tap-di-tu-1-3-tuoi,2025-12,3,2.0,289.0,298.0,103.11%,normal
VN,LAZ,https://www.lazada.vn/sua-cho-tre-tu-1-3-tuoi,2025-12,3,2.0,306.0,360.0,117.65%,normal
VN,LAZ,https://www.lazada.vn/ta-giay/,2025-12,3,2.0,355.0,440.0,123.94%,normal
VN,LAZ,https://www.lazada.vn/thuc-an-cho-be,2025-12,3,2.0,309.5,400.0,129.24%,normal
VN,LAZ,https://www.lazada.vn/thuc-an-cho-cho,2025-12,3,2.0,353.5,400.0,113.15%,normal
VN,LAZ,https://www.lazada.vn/thuc-an-cho-meo,2025-12,3,2.0,319.5,407.0,127.39%,normal
VN,SHP,https://shopee.vn/Adult-Diapers-Incontinence-cat.11036345.11036370,2025-12,3,1.0,357.0,455.0,127.45%,insufficient-history
VN,SHP,https://shopee.vn/Baby-Food-cat.11036194.11036248,2025-12,3,2.0,300.0,272.0,90.67%,normal
VN,SHP,https://shopee.vn/Baby-Vitamins-Supplements-cat.11036194.11036253.11036254,2025-12,3,2.0,300.0,416.0,138.67%,normal
VN,SHP,https://shopee.vn/Canned-Food-cat.11036525.11036544.11036549,2025-12,3,2.0,300.0,416.0,138.67%,normal
VN,SHP,https://shopee.vn/Cat-Treats-cat.11036478.11036479.11036483,2025-12,3,2.0,300.0,368.0,122.67%,normal
VN,SHP,https://shopee.vn/Chocolate-Drinks-cat.11036525.11036576.11036579,2025-12,3,2.0,300.0,416.0,138.67%,normal
VN,SHP,https://shopee.vn/Chocolate-cat.11036525.11036532.11036534,2025-12,3,2.0,300.0,410.0,136.67%,normal
VN,SHP,https://shopee.vn/Coffee-cat.11036525.11036576.11036577,2025-12,3,2.0,300.0,329.0,109.67%,normal
VN,SHP,https://shopee.vn/Dairy-Eggs-cat.11036525.11036591,2025-12,3,2.0,300.0,428.0,142.67%,normal
VN,SHP,https://shopee.vn/Disposable-Diapers-cat.11036194.11036260.11036263,2025-12,3,2.0,300.0,160.0,53.33%,abnormal-drop
VN,SHP,https://shopee.vn/Dog-Treats-cat.11036478.11036479.11036481,2025-12,3,2.0,300.0,433.0,144.33%,normal
VN,SHP,https://shopee.vn/Fresh-Frozen-Food-cat.11036525.11036601,2025-12,3,2.0,300.0,458.0,152.67%,normal
VN,SHP,https://shopee.vn/Litter-Toilet-cat.11036478.11036498,2025-12,3,2.0,300.0,442.0,147.33%,normal
VN,SHP,https://shopee.vn/M%C3%A1y-pha-c%C3%A0-ph%C3%AA-cat.11036971.11036972.11036988,2025-12,3,2.0,300.0,430.0,143.33%,normal
VN,SHP,https://shopee.vn/Maternity-Milk-cat.11036194.11036217.11036218,2025-12,3,2.0,227.5,371.0,163.08%,normal
VN,SHP,https://shopee.vn/Milk-24-months-and-ups-cat.11036194.11059299,2025-12,3,2.0,300.0,374.0,124.67%,normal
VN,SHP,https://shopee.vn/Milk-Formula-0-24-months-cat.11036194.11059300,2025-12,3,2.0,300.0,422.0,140.67%,normal
VN,SHP,https://shopee.vn/Milk-cat.11036525.11036591.11036592?facet=101593&page=0&sortBy=sales,2025-12,3,1.0,300.0,440.0,146.67%,insufficient-history
VN,SHP,https://shopee.vn/Sanitary-Napkins-Panty-Liners-cat.11036279.11111647.11111657,2025-12,3,2.0,300.0,431.0,143.67%,normal
VN,SHP,https://shopee.vn/Snacks-cat.11036525.11036532,2025-12,3,2.0,300.0,33.0,11.0%,abnormal-drop
VN,SHP,https://shopee.vn/Sweets-Candy-cat.11036525.11036532.11036533,2025-12,3,2.0,300.0,438.0,146.0%,normal
VN,SHP,https://shopee.vn/Tea-Tea-Bags-cat.11036525.11036576.11036578,2025-12,3,2.0,300.0,397.0,132.33%,normal
VN,SHP,https://shopee.vn/Wipes-cat.11036194.11036222.11036230,2025-12,3,2.0,300.0,201.0,67.0%,abnormal-drop
VN,SHP,https://shopee.vn/Yogurt-Cultured-Milk-cat.11036525.11036591.11036593,2025-12,3,2.0,300.0,423.0,141.0%,normal
