country,platform,category_url
VN,SHP,https://shopee.vn/Coffee-cat.11036525.11036576.11036577
VN,SHP,https://shopee.vn/M%C3%A1y-pha-c%C3%A0-ph%C3%AA-cat.11036971.11036972.11036988
VN,SHP,https://shopee.vn/Tea-Tea-Bags-cat.11036525.11036576.11036578
VN,SHP,https://shopee.vn/Baby-Food-cat.11036194.11036248
VN,SHP,https://shopee.vn/Milk-24-months-and-ups-cat.11036194.11059299
VN,SHP,https://shopee.vn/Milk-Formula-0-24-months-cat.11036194.11059300
VN,SHP,https://shopee.vn/Maternity-Milk-cat.11036194.11036217.11036218
VN,SHP,https://shopee.vn/Milk-cat.11036525.11036591.11036592?facet=101593&page=0&sortBy=sales
VN,SHP,https://shopee.vn/Dairy-Eggs-cat.11036525.11036591
VN,SHP,https://shopee.vn/Chocolate-Drinks-cat.11036525.11036576.11036579
VN,SHP,https://shopee.vn/Yogurt-Cultured-Milk-cat.11036525.11036591.11036593
VN,SHP,https://shopee.vn/Canned-Food-cat.11036525.11036544.11036549
VN,SHP,https://shopee.vn/Fresh-Frozen-Food-cat.11036525.11036601
VN,SHP,https://shopee.vn/Baby-Vitamins-Supplements-cat.11036194.11036253.11036254
VN,SHP,https://shopee.vn/Snacks-cat.11036525.11036532
VN,SHP,https://shopee.vn/Chocolate-cat.11036525.11036532.11036534
VN,SHP,https://shopee.vn/Sweets-Candy-cat.11036525.11036532.11036533
VN,SHP,https://shopee.vn/Dog-Treats-cat.11036478.11036479.11036481
VN,SHP,https://shopee.vn/Cat-Treats-cat.11036478.11036479.11036483
VN,SHP,https://shopee.vn/Litter-Toilet-cat.11036478.11036498
VN,LAZ,https://www.lazada.vn/ca-phe
VN,LAZ,https://www.lazada.vn/mua-may-pha-cafe
VN,LAZ,https://www.lazada.vn/shop-ca-phe-vien-nen
VN,LAZ,https://www.lazada.vn/shop-green-black-&-classic-tea
VN,LAZ,https://www.lazada.vn/shop-ca-phe-xay
VN,LAZ,https://www.lazada.vn/shop-ca-phe-pha-san
VN,LAZ,https://www.lazada.vn/shop-ca-phe-uong-lien
VN,LAZ,https://www.lazada.vn/thuc-an-cho-be
VN,LAZ,https://www.lazada.vn/sua-bot-cho-be
VN,LAZ,https://www.lazada.vn/sua-cho-be-so-sinh
VN,LAZ,https://www.lazada.vn/sua-cho-tre-6-12-thang-tuoi
VN,LAZ,https://www.lazada.vn/sua-cho-tre-tap-di-tu-1-3-tuoi
VN,LAZ,https://www.lazada.vn/sua-cho-tre-tu-1-3-tuoi
VN,LAZ,https://www.lazada.vn/san-pham-sua-cho-me
VN,LAZ,https://www.lazada.vn/shop-uht-milk-ready-to-drink
VN,LAZ,https://www.lazada.vn/bach-hoa-online-sua-dac
VN,LAZ,https://www.lazada.vn/shop-hot-chocolate
VN,LAZ,https://www.lazada.vn/shop-sua-tuoi
VN,LAZ,https://www.lazada.vn/shop-do-hop
VN,LAZ,https://www.lazada.vn/shop-mon-an-nau-san
VN,LAZ,https://www.lazada.vn/cham-soc-suc-khoe
VN,LAZ,https://www.lazada.vn/shop-sugar
VN,LAZ,https://www.lazada.vn/shop-so-co-la
VN,LAZ,https://www.lazada.vn/shop-keo-deo
VN,LAZ,https://www.lazada.vn/shop-keo-chewy
VN,LAZ,https://www.lazada.vn/shop-keo-bac-ha
VN,LAZ,https://www.lazada.vn/thuc-an-cho-cho
VN,LAZ,https://www.lazada.vn/thuc-an-cho-meo
VN,LAZ,https://www.lazada.vn/cat-ve-sinh-meo
TH,SHP,https://shopee.co.th/Coffee-cat.11044943.11045054.11045385
TH,SHP,https://shopee.co.th/Coffee-Machines-Accessories-cat.11044955.11045170.11045749
TH,SHP,https://shopee.co.th/Tea-Tea-Bags-cat.11044943.11045054.11045381
TH,SHP,https://shopee.co.th/Baby-milk-and-food-for-kids-above-1-year-cat.11044960.11045222
TH,SHP,https://shopee.co.th/Baby-milk-and-food-for-infant-cat.11044960.11045223
TH,SHP,https://shopee.co.th/Specialty-Milk-Formula-cat.11044960.11045224
TH,SHP,https://shopee.co.th/Maternity-Formula-cat.11044960.11045228.11046168
TH,SHP,https://shopee.co.th/Dairy-Eggs-cat.11044943.11045051
TH,SHP,https://shopee.co.th/Chocolate-Drinks-cat.11044943.11045054.11045384
TH,SHP,https://shopee.co.th/Yogurt-Cultured-Milk-cat.11044943.11045051.11045356
TH,SHP,https://shopee.co.th/Canned-Food-cat.11044943.11045050.11045350
TH,SHP,https://shopee.co.th/Fresh-Frozen-Food-cat.11044943.11045047
TH,SHP,https://shopee.co.th/Health-Wellness-cat.11044942
TH,SHP,https://shopee.co.th/Snacks-cat.11044943.11045055
TH,SHP,https://shopee.co.th/Chocolate-cat.11044943.11045055.11045395
TH,SHP,https://shopee.co.th/Sweets-Candy-cat.11044943.11045055.11045389
TH,SHP,https://shopee.co.th/Dog-Food-cat.11044947.11045086.11045471
TH,SHP,https://shopee.co.th/Cat-Treats-cat.11044947.11045086.11045478
TH,SHP,https://shopee.co.th/Litter-Toilet-cat.11044947.11045088
TH,LAZ,https://www.lazada.co.th/shop-coffee
TH,LAZ,https://www.lazada.co.th/shop-coffee-machines
TH,LAZ,https://www.lazada.co.th/shop-groceries-beverages-coffee-coffeecapsules
TH,LAZ,https://www.lazada.co.th/shop-green-black-&-classic-tea
TH,LAZ,https://www.lazada.co.th/shop-groceries-beverages-coffee-groundcoffee
TH,LAZ,https://www.lazada.co.th/shop-groceries-beverages-coffee-readytodrinkcoffee
TH,LAZ,https://www.lazada.co.th/shop-groceries-beverages-coffee-instantcoffee
TH,LAZ,https://www.lazada.co.th/shop-baby-food
TH,LAZ,https://www.lazada.co.th/shop-milk-formula-and-baby-food
TH,LAZ,https://www.lazada.co.th/shop-infant-milk-formula
TH,LAZ,https://www.lazada.co.th/shop-followon-milk-formula
TH,LAZ,https://www.lazada.co.th/shop-toddler-milk-1-under-3-yrs
TH,LAZ,https://www.lazada.co.th/shop-growth-milk-formula
TH,LAZ,https://www.lazada.co.th/shop-maternal-milk-formula
TH,LAZ,https://www.lazada.co.th/shop-uht-milk-ready-to-drink
TH,LAZ,https://www.lazada.co.th/shop-groceries-beverages-uht-milk-milk-powder-condensed-milk
TH,LAZ,https://www.lazada.co.th/shop-hot-chocolate
TH,LAZ,https://www.lazada.co.th/shop-groceries-dairychilled-freshmilk
TH,LAZ,https://www.lazada.co.th/shop-groceries-foodstaplescookingessentials-cannedfood
TH,LAZ,https://www.lazada.co.th/shop-groceries-dairychilled-readymealsreadytocook-chilledreadymeals
TH,LAZ,https://www.lazada.co.th/shop-health-well-being
TH,LAZ,https://www.lazada.co.th/shop-sugar
TH,LAZ,https://www.lazada.co.th/shop-Groceries-ChocolateSnacksSweets-Chocolate
TH,LAZ,https://www.lazada.co.th/shop-groceries-chocolatesnackssweets-sweets-gummysweets
TH,LAZ,https://www.lazada.co.th/shop-groceries-chocolatesnackssweets-sweets-chewycandy
TH,LAZ,https://www.lazada.co.th/shop-Groceries-ChocolateSnacksSweets-Mints
TH,LAZ,https://www.lazada.co.th/shop-dog-food
TH,LAZ,https://www.lazada.co.th/shop-cat-food
TH,LAZ,https://www.lazada.co.th/shop-cat-litter
ID,SHP,https://shopee.co.id/Coffee-cat.11043451.11043502.11043503
ID,SHP,https://shopee.co.id/Mesin-Kopi-Aksesoris-cat.11044258.11044294.11044300
ID,SHP,https://shopee.co.id/Milk-Formula-Baby-Food-cat.11043350.11043428
ID,SHP,https://shopee.co.id/Milk-Formula-cat.11043350.11043428.11043429
ID,SHP,https://shopee.co.id/Maternity-Milk-cat.11043350.11043385.11043386
ID,SHP,https://shopee.co.id/Dairy-Eggs-cat.11043451.11043517
ID,SHP,https://shopee.co.id/Chocolate-Drinks-cat.11043451.11043502.11043505
ID,SHP,https://shopee.co.id/Yogurt-Cultured-Milk-cat.11043451.11043517.11043522
ID,SHP,https://shopee.co.id/Canned-Food-cat.11043451.11043557?page=0&sortBy=sales
ID,SHP,https://shopee.co.id/Fresh-Frozen-Food-cat.11043451.11043529
ID,SHP,https://shopee.co.id/Health-cat.11043279
ID,SHP,https://shopee.co.id/Sweets-Candy-cat.11043451.11043453.11043454
ID,SHP,https://shopee.co.id/Chocolate-cat.11043451.11043453.11043455
ID,SHP,https://shopee.co.id/Dog-Treats-cat.11043572.11043573.11043575
ID,SHP,https://shopee.co.id/Cat-Food-cat.11043572.11043573.11043576
ID,SHP,https://shopee.co.id/Litter-Toilet-cat.11043572.11043596
ID,LAZ,https://www.lazada.co.id/beli-kopi
ID,LAZ,https://www.lazada.co.id/beli-mesin-kopi
ID,LAZ,https://www.lazada.co.id/shop-kapsul-kopi
ID,LAZ,https://www.lazada.co.id/shop-green-black-&-classic-tea
ID,LAZ,https://www.lazada.co.id/shop-kopi-giling
ID,LAZ,https://www.lazada.co.id/shop-kopi-siap-minum
ID,LAZ,https://www.lazada.co.id/shop-kopi-instan
ID,LAZ,https://www.lazada.co.id/beli-makanan-bayi-balita
ID,LAZ,https://www.lazada.co.id/beli-susu-bayi-0-6-bulan
ID,LAZ,https://www.lazada.co.id/beli-susu-bayi-6-12-bulan
ID,LAZ,https://www.lazada.co.id/beli-susu-pertumbuhan-1-3-tahun
ID,LAZ,https://www.lazada.co.id/beli-susu-maternal
ID,LAZ,https://www.lazada.co.id/shop-uht-milk-ready-to-drink
ID,LAZ,https://www.lazada.co.id/beli-makanan-minuman-susu-kental
ID,LAZ,https://www.lazada.co.id/coklat-panas
ID,LAZ,https://www.lazada.co.id/shop-susu-segar
ID,LAZ,https://www.lazada.co.id/shop-makanan-kaleng
ID,LAZ,https://www.lazada.co.id/beli-makanan-minuman-beku
ID,LAZ,https://www.lazada.co.id/suplemen-kesejahteraan
ID,LAZ,https://www.lazada.co.id/shop-sugar
ID,LAZ,https://www.lazada.co.id/shop-Cokelat
ID,LAZ,https://www.lazada.co.id/shop-permen-gummy
ID,LAZ,https://www.lazada.co.id/shop-permen-kunyah-permen-tali
ID,LAZ,https://www.lazada.co.id/shop-permen-mint
ID,LAZ,https://www.lazada.co.id/jual-makanan-anjing
ID,LAZ,https://www.lazada.co.id/jual-makanan-kucing
ID,LAZ,https://www.lazada.co.id/jual-sampah-kucing
SG,SHP,https://shopee.sg/Coffee-cat.11011871.11011889.11011900
SG,SHP,https://shopee.sg/Coffee-Machines-cat.11027421.11027457.11027468
SG,SHP,https://shopee.sg/Baby-Food-cat.11011538.11011639.11011650
SG,SHP,https://shopee.sg/Infant-Milk-Formula-cat.11011538.11059285
SG,SHP,https://shopee.sg/Milk-Formula-(1-year-)-cat.11011538.11011731
SG,SHP,https://shopee.sg/Maternal-Milk-cat.11011538.11011731.11011737
SG,SHP,https://shopee.sg/Dairy-Eggs-Chilled-Food-cat.11011871.11011925
SG,SHP,https://shopee.sg/Instant-Drink-cat.11011871.11011889.11011897
SG,SHP,https://shopee.sg/Yogurt-Cultured-Milk-cat.11011871.11011925.11011928
SG,SHP,https://shopee.sg/Canned-Dried-Food-cat.11011871.11011936.11011942
SG,SHP,https://shopee.sg/Frozen-Food-cat.11011871.11011956
SG,SHP,https://shopee.sg/Health-Wellness-cat.11027491
SG,SHP,https://shopee.sg/Candy-cat.11011871.11011998.11012006
SG,SHP,https://shopee.sg/Chocolate-cat.11011871.11011998.11012005
SG,SHP,https://shopee.sg/Dog-Food-Treats-cat.11012453.11027603.11027605
SG,SHP,https://shopee.sg/Cat-Food-Treats-cat.11012453.11027603.11027606
SG,SHP,https://shopee.sg/Pet-Cleaning-Bath-Needs-cat.11012453.11027618.11027620
SG,LAZ,https://www.lazada.sg/coffee
SG,LAZ,https://www.lazada.sg/shop-coffee-machines
SG,LAZ,https://www.lazada.sg/shop-groceries-beverages-coffee-coffeecapsules
SG,LAZ,https://www.lazada.sg/shop-green-black-&-classic-tea
SG,LAZ,https://www.lazada.sg/shop-groceries-beverages-coffee-groundcoffee
SG,LAZ,https://www.lazada.sg/shop-groceries-beverages-coffee-readytodrinkcoffee
SG,LAZ,https://www.lazada.sg/shop-groceries-beverages-coffee-instantcoffee
SG,LAZ,https://www.lazada.sg/baby-toddler-foods
SG,LAZ,https://www.lazada.sg/shop-formula-milk
SG,LAZ,https://www.lazada.sg/shop-infant-milk
SG,LAZ,https://www.lazada.sg/shop-followon-milk-formula
SG,LAZ,https://www.lazada.sg/shop-toddler-milk
SG,LAZ,https://www.lazada.sg/shop-growth-milk
SG,LAZ,https://www.lazada.sg/shop-maternal-milk
SG,LAZ,https://www.lazada.sg/shop-uht-milk-ready-to-drink
SG,LAZ,https://www.lazada.sg/shop-groceries-beverages-uht-milk-milk-powder-condensed-milk
SG,LAZ,https://www.lazada.sg/hot-chocolate
SG,LAZ,https://www.lazada.sg/shop-groceries-dairychilled-freshmilk
SG,LAZ,https://www.lazada.sg/shop-groceries-foodstaplescookingessentials-cannedfood
SG,LAZ,https://www.lazada.sg/shop-groceries-dairychilled-readymealsreadytocook-chilledreadymeals
SG,LAZ,https://www.lazada.sg/shop-well-being
SG,LAZ,https://www.lazada.sg/shop-sugar
SG,LAZ,https://www.lazada.sg/shop-Groceries-ChocolateSnacksSweets-Chocolate
SG,LAZ,https://www.lazada.sg/shop-groceries-chocolatesnackssweets-sweets-chewycandy
SG,LAZ,https://www.lazada.sg/shop-Groceries-ChocolateSnacksSweets-Mints
SG,LAZ,https://www.lazada.sg/shop-dog-food
SG,LAZ,https://www.lazada.sg/shop-cat-food
SG,LAZ,https://www.lazada.sg/shop-cat-litter
MY,SHP,https://shopee.com.my/Coffee-Tea-cat.11000003.11000069
MY,SHP,https://shopee.com.my/Coffee-Machines-and-Accessories-cat.11000824.11000861.11000864
MY,SHP,https://shopee.com.my/Formula-Food-cat.11000345.11000422
MY,SHP,https://shopee.com.my/Infant-Milk-(0-6-months)-cat.11000345.11000422.11000425
MY,SHP,https://shopee.com.my/Maternal-Milk-cat.11000345.11000422.11000424
MY,SHP,https://shopee.com.my/Chocolate-Malt-cat.11000003.11000091.11000092
MY,SHP,https://shopee.com.my/Yogurt-Drinks-cat.11000003.11000079.11000090
MY,SHP,https://shopee.com.my/Canned-Packed-Food-cat.11000003.11000035
MY,SHP,https://shopee.com.my/Fresh-Frozen-Food-cat.11000003.11000099
MY,SHP,https://shopee.com.my/Well-being-cat.11000168.11000338.11000342
MY,SHP,https://shopee.com.my/Sweets-Candies-cat.11000003.11000010.11000011
MY,SHP,https://shopee.com.my/Chocolate-cat.11000003.11000010.11000012
PH,SHP,https://shopee.ph/Chocolates-cat.11021197.11021224.11021227
PH,SHP,https://shopee.ph/Candy-cat.11021197.11021224.11021226
TW,SHP,https://shopee.tw/Imported-Snacks-cat.11040483.11042031
MY,SHP,https://shopee.com.my/Dog-Food-Treats-cat.11000003.11000125.11000126
MY,SHP,https://shopee.com.my/Cat-Food-Treats-cat.11000003.11000125.11000127
MY,SHP,https://shopee.com.my/Pet-Toilets-Litters-Pads-cat.11000003.11000125.11000138
MY,LAZ,https://www.lazada.com.my/coffee
MY,LAZ,https://www.lazada.com.my/shop-coffee-machines
MY,LAZ,https://www.lazada.com.my/shop-groceries-beverages-coffee-coffeecapsules
MY,LAZ,https://www.lazada.com.my/shop-green-black-&-classic-tea
MY,LAZ,https://www.lazada.com.my/shop-groceries-beverages-coffee-groundcoffee
MY,LAZ,https://www.lazada.com.my/shop-groceries-beverages-coffee-readytodrinkcoffee
MY,LAZ,https://www.lazada.com.my/shop-groceries-beverages-coffee-instantcoffee
MY,LAZ,https://www.lazada.com.my/shop-baby-food-2
MY,LAZ,https://www.lazada.com.my/shop-milk-formula-tailored-nutrition
MY,LAZ,https://www.lazada.com.my/shop-infant-milk-formula-2
MY,LAZ,https://www.lazada.com.my/shop-followon-milk-formula
MY,LAZ,https://www.lazada.com.my/shop-toddler-milk
MY,LAZ,https://www.lazada.com.my/shop-growth-milk-formula
MY,LAZ,https://www.lazada.com.my/shop-maternal-milk-formula-2
MY,LAZ,https://www.lazada.com.my/shop-uht-milk-ready-to-drink
MY,LAZ,https://www.lazada.com.my/shop-groceries-beverages-uht-milk-milk-powder-condensed-milk
MY,LAZ,https://www.lazada.com.my/hot-chocolate
MY,LAZ,https://www.lazada.com.my/shop-groceries-dairychilled-freshmilk
MY,LAZ,https://www.lazada.com.my/shop-groceries-foodstaplescookingessentials-cannedfood
MY,LAZ,https://www.lazada.com.my/shop-groceries-dairychilled-readymealsreadytocook-chilledreadymeals
MY,LAZ,https://www.lazada.com.my/shop-groceries-frozen-convenience-foods-ready-to-eat-meals
MY,LAZ,https://www.lazada.com.my/shop-well-being
MY,LAZ,https://www.lazada.com.my/shop-sugar
MY,LAZ,https://www.lazada.com.my/shop-groceries-chocolatesnackssweets-chocolate
MY,LAZ,https://www.lazada.com.my/shop-groceries-chocolatesnackssweets-sweets-gummysweets
MY,LAZ,https://www.lazada.com.my/shop-groceries-chocolatesnackssweets-sweets-chewycandy
MY,LAZ,https://www.lazada.com.my/shop-groceries-chocolatesnackssweets-mints
MY,LAZ,https://www.lazada.com.my/shop-dog-food
MY,LAZ,https://www.lazada.com.my/shop-cat-food
MY,LAZ,https://www.lazada.com.my/shop-cat-litter
VN,SHP,https://shopee.vn/Disposable-Diapers-cat.11036194.11036260.11036263
VN,SHP,https://shopee.vn/Wipes-cat.11036194.11036222.11036230
TH,SHP,https://shopee.co.th/Tape-Pants-Disposable-Diapers-cat.11044960.11045218.11046127
TH,SHP,https://shopee.co.th/Diapers-Wipes-cat.11044960.11045218
ID,SHP,https://shopee.co.id/Popok-Sekali-Pakai-cat.11043350.11043433.11043436
ID,SHP,https://shopee.co.id/Tisu-cat.11043350.11043390.11043394
SG,SHP,https://shopee.sg/Disposable-Diapers-cat.11011538.11011614.11011616
SG,SHP,https://shopee.sg/Baby-Wipes-cat.11011538.11011584.11011588
MY,SHP,https://shopee.com.my/Disposable-Diapers-cat.11000345.11000397.11000402
MY,SHP,https://shopee.com.my/Wipes-Refills-cat.11000345.11000385.11000393
VN,LAZ,https://www.lazada.vn/ta-giay/
VN,LAZ,https://www.lazada.vn/khan-uot/
SG,LAZ,https://www.lazada.sg/shop-disposable-diapers/
SG,LAZ,https://www.lazada.sg/shop-baby-wipes-refills/
ID,LAZ,https://www.lazada.co.id/beli-popok-sekali-pakai/
ID,LAZ,https://www.lazada.co.id/beli-lap-bayi-isi-ulang/
TH,LAZ,https://www.lazada.co.th/shop-diapers/
TH,LAZ,https://www.lazada.co.th/shop-wipes
MY,LAZ,https://www.lazada.com.my/shop-diapers-1/
MY,LAZ,https://www.lazada.com.my/shop-baby-wipes-refills/
VN,SHP,https://shopee.vn/Sanitary-Napkins-Panty-Liners-cat.11036279.11111647.11111657
TH,SHP,https://shopee.co.th/Women's-Hygiene-cat.11044959.11045210.11046082
ID,SHP,https://shopee.co.id/Sanitary-Napkins-Panty-Liners-cat.11043279.11043331.11043332
MY,SHP,https://shopee.com.my/Sanitary-Napkins-Panty-Liners-cat.11000168.11000272.11000280
SG,SHP,https://shopee.sg/Sanitary-Pads-Pantyliners-cat.11012301.11012345.11012348
PH,SHP,https://shopee.ph/Feminine-Care-cat.11021260.11021293.11021298
PH,SHP,https://shopee.ph/Disposable-Diaper-cat.11021766.11021769.11021771
PH,SHP,https://shopee.ph/Wipes-cat.11021766.11021769.11021777
PH,LAZ,https://www.lazada.com.ph/shop-sanitary-napkins/
PH,LAZ,https://www.lazada.com.ph/shop-disposable-diapers/
PH,LAZ,https://www.lazada.com.ph/shop-baby-wipes-refills/
VN,LAZ,https://www.lazada.vn/shop-bang-ve-sinh/?
TH,LAZ,https://www.lazada.co.th/shop-healthbeauty-personalcare-femininecare-sanitarypanties/
ID,LAZ,https://www.lazada.co.id/beli-pembalut/
MY,LAZ,https://www.lazada.com.my/shop-hb-sanitary-napkins/
SG,LAZ,https://www.lazada.sg/shop-hb-sanitary-napkins/?
PH,LAZ,https://www.lazada.com.ph/shop-indigestion-heartburn-medicine/?spm=a2o4l.pdp_revamp.breadcrumb.4.6ebe3f2cE1zwfA
PH,LAZ,https://www.lazada.com.ph/shop-groceries-laundry-household-dishwashing-automatic-dishwashing/?spm=a2o4l.pdp_revamp.breadcrumb.5.35e33fc9CgKENX
PH,LAZ,https://www.lazada.com.ph/shop-safer-sex-&-contraception-products/?spm=a2o4l.pdp_revamp.breadcrumb.3.3f5c67e0E0uQhz
PH,LAZ,https://www.lazada.com.ph/shop-healthbeauty-medicalsupplies-firstaidsupplies-antisepticsdisinfectants/?spm=a2o4l.pdp_revamp.breadcrumb.4.542a167ecy3jCf
PH,LAZ,https://www.lazada.com.ph/shop-hair-removal/?spm=a2o4l.pdp_revamp.breadcrumb.4.154465d5tVUpvO
PH,LAZ,https://www.lazada.com.ph/shop-personal-pleasure-lubricants/?spm=a2o4l.pdp_revamp.breadcrumb.3.37bd174ePXHJsB
PH,LAZ,https://www.lazada.com.ph/shop-groceries-beverages-uht-milk-milk-powder-milk-powder/?spm=a2o4l.pdp_revamp.breadcrumb.4.4ac14f719pvuss
PH,LAZ,https://www.lazada.com.ph/shop-growth-milk-formula/?spm=a2o4l.pdp_revamp.breadcrumb.4.5b652fc9C4fwQn
PH,LAZ,https://www.lazada.com.ph/shop-groceries-laundry-household-cleaning-multipurpose-cleaner/?spm=a2o4l.pdp_revamp.breadcrumb.3.4b9b7a6exN8nFb
PH,LAZ,https://www.lazada.com.ph/shop-insecticide-sprays-devices-&-coils/?spm=a2o4l.pdp_revamp.breadcrumb.3.7a667c8fHNRgRc
PH,LAZ,https://www.lazada.com.ph/shop-eye-ear-nose-throat-care/?spm=a2o4l.pdp_revamp.breadcrumb.4.6b922254FVpAhg
PH,LAZ,https://www.lazada.com.ph/shop-uht-milk-ready-to-drink/?spm=a2o4l.pdp_revamp.breadcrumb.4.2b80379d3kRMGK
PH,LAZ,https://www.lazada.com.ph/shop-personal-pleasure-sensual-toys/?spm=a2o4l.pdp_revamp.breadcrumb.3.12f129d1zWV6LB
PH,LAZ,https://www.lazada.com.ph/shop-groceries-household-cleaning-bathroomtoilet-toiletcleaners/?spm=a2o4l.pdp_revamp.breadcrumb.4.4d877b9cPWLnLx
PH,SHP,https://shopee.ph/Over-the-Counter-Medicine-cat.11021260.11021330.11021339
PH,SHP,https://shopee.ph/Cleaning-Soap-cat.11021197.11021207.11021208
PH,SHP,https://shopee.ph/Condoms-cat.11021260.11021341.11021342
PH,SHP,https://shopee.ph/Hair-Removal-cat.11021260.11021293.11021295
PH,SHP,https://shopee.ph/Lubricants-cat.11021260.11021341.11021344
PH,SHP,https://shopee.ph/Milk-Powder-cat.11021197.11021200.11044675
PH,SHP,https://shopee.ph/Growing-Up-Milk-(3-years-)-cat.11021766.11021780.11021802
PH,SHP,https://shopee.ph/Rodent-Insect-Control-cat.11021407.11021568.11021570
PH,SHP,https://shopee.ph/Adult-Toys-cat.11021260.11021341.11021343
VN,SHP,https://shopee.vn/Adult-Diapers-Incontinence-cat.11036345.11036370
TH,SHP,https://shopee.co.th/Adult-Diapers-cat.11044942.11045039.11045297
MY,SHP,https://shopee.com.my/Adult-Diapers-cat.11000168.11000272.11000279
VN,LAZ,https://www.lazada.vn/cham-soc-cho-nguoi-cao-tuoi/?spm=a2o4n.pdp_revamp.breadcrumb.2.46124fe0gXXZbS
TH,LAZ,https://www.lazada.co.th/shop-senior-health/?spm=a2o4m.pdp_revamp.breadcrumb.2.4a2f7c380Kih00
MY,LAZ,https://www.lazada.com.my/shop-senior-health/?spm=a2o4k.pdp_revamp.breadcrumb.2.63081a9aARLUNN
TH,SHP,https://shopee.co.th/Wet-Wipes-cat.11044960.11045218.11046128
TW,SHP,https://shopee.tw/Pets-cat.11040647
PH,SHP,https://shopee.ph/Pet-Food-Treats-cat.11021881.11021884
KR,CPG,https://www.coupang.com/np/search?listSize=60&filterType=&rating=0&isPriceRange=false&minPrice=&maxPrice=&component=195166&sorter=scoreDesc&brand=&offerCondition=&filter=&fromComponent=N&channel=user&selectedPlpKeepFilter=&q=이클립스
KR,CPG,https://www.coupang.com/np/search?listSize=60&filterType=&rating=0&isPriceRange=false&minPrice=&maxPrice=&component=195166&sorter=scoreDesc&brand=&offerCondition=&filter=&fromComponent=N&channel=user&selectedPlpKeepFilter=&q=코피코
KR,CPG,https://www.coupang.com/np/search?listSize=60&filterType=&rating=0&isPriceRange=false&minPrice=&maxPrice=&component=195166&sorter=scoreDesc&brand=&offerCondition=&filter=&fromComponent=N&channel=user&selectedPlpKeepFilter=&q=롯데웰푸드
KR,CPG,https://www.coupang.com/np/search?listSize=60&filterType=&rating=0&isPriceRange=false&minPrice=&maxPrice=&component=195166&sorter=scoreDesc&brand=&offerCondition=&filter=&fromComponent=N&channel=user&selectedPlpKeepFilter=&q=츄파춥스
KR,CPG,https://www.coupang.com/np/search?listSize=60&filterType=&rating=0&isPriceRange=false&minPrice=&maxPrice=&component=195166&sorter=scoreDesc&brand=&offerCondition=&filter=&fromComponent=N&channel=user&selectedPlpKeepFilter=&q=호올스
KR,CPG,https://www.coupang.com/np/search?listSize=60&filterType=&rating=0&isPriceRange=false&minPrice=&maxPrice=&component=195166&sorter=scoreDesc&brand=&offerCondition=&filter=&fromComponent=N&channel=user&selectedPlpKeepFilter=&q=스톡 웨더스
KR,CPG,https://www.coupang.com/np/search?listSize=60&filterType=&rating=0&isPriceRange=false&minPrice=&maxPrice=&component=195166&sorter=scoreDesc&brand=&offerCondition=&filter=&fromComponent=N&channel=user&selectedPlpKeepFilter=&q=순수한집
KR,CPG,https://www.coupang.com/np/search?listSize=60&filterType=&rating=0&isPriceRange=false&minPrice=&maxPrice=&component=195166&sorter=scoreDesc&brand=&offerCondition=&filter=&fromComponent=N&channel=user&selectedPlpKeepFilter=&q=멘토스
KR,CPG,https://www.coupang.com/np/search?listSize=60&filterType=&rating=0&isPriceRange=false&minPrice=&maxPrice=&component=195166&sorter=scoreDesc&brand=&offerCondition=&filter=&fromComponent=N&channel=user&selectedPlpKeepFilter=&q=후르트텔라
KR,CPG,https://www.coupang.com/np/search?listSize=60&filterType=&rating=0&isPriceRange=false&minPrice=&maxPrice=&component=195166&sorter=scoreDesc&brand=&offerCondition=&filter=&fromComponent=N&channel=user&selectedPlpKeepFilter=&q=목캔디
KR,CPG,https://www.coupang.com/np/search?listSize=60&filterType=&rating=0&isPriceRange=false&minPrice=&maxPrice=&component=195166&sorter=scoreDesc&brand=&offerCondition=&filter=&fromComponent=N&channel=user&selectedPlpKeepFilter=&q=스키틀즈
KR,CPG,https://www.coupang.com/np/search?listSize=60&filterType=&rating=0&isPriceRange=false&minPrice=&maxPrice=&component=195166&sorter=scoreDesc&brand=&offerCondition=&filter=&fromComponent=N&channel=user&selectedPlpKeepFilter=&q=페레로로쉐
KR,CPG,https://www.coupang.com/np/search?listSize=60&filterType=&rating=0&isPriceRange=false&minPrice=&maxPrice=&component=195166&sorter=scoreDesc&brand=&offerCondition=&filter=&fromComponent=N&channel=user&selectedPlpKeepFilter=&q=가나
KR,CPG,https://www.coupang.com/np/search?listSize=60&filterType=&rating=0&isPriceRange=false&minPrice=&maxPrice=&component=195166&sorter=scoreDesc&brand=&offerCondition=&filter=&fromComponent=N&channel=user&selectedPlpKeepFilter=&q=킨더
KR,CPG,https://www.coupang.com/np/search?listSize=60&filterType=&rating=0&isPriceRange=false&minPrice=&maxPrice=&component=195166&sorter=scoreDesc&brand=&offerCondition=&filter=&fromComponent=N&channel=user&selectedPlpKeepFilter=&q=엠앤엠즈
KR,CPG,https://www.coupang.com/np/search?listSize=60&filterType=&rating=0&isPriceRange=false&minPrice=&maxPrice=&component=195166&sorter=scoreDesc&brand=&offerCondition=&filter=&fromComponent=N&channel=user&selectedPlpKeepFilter=&q=자유시간
KR,CPG,https://www.coupang.com/np/search?listSize=60&filterType=&rating=0&isPriceRange=false&minPrice=&maxPrice=&component=195166&sorter=scoreDesc&brand=&offerCondition=&filter=&fromComponent=N&channel=user&selectedPlpKeepFilter=&q=KitKat
KR,CPG,https://www.coupang.com/np/search?listSize=60&filterType=&rating=0&isPriceRange=false&minPrice=&maxPrice=&component=195166&sorter=scoreDesc&brand=&offerCondition=&filter=&fromComponent=N&channel=user&selectedPlpKeepFilter=&q=꼬모쎔쁘레
KR,CPG,https://www.coupang.com/np/search?listSize=60&filterType=&rating=0&isPriceRange=false&minPrice=&maxPrice=&component=195166&sorter=scoreDesc&brand=&offerCondition=&filter=&fromComponent=N&channel=user&selectedPlpKeepFilter=&q=린트
KR,CPG,https://www.coupang.com/np/search?listSize=60&filterType=&rating=0&isPriceRange=false&minPrice=&maxPrice=&component=195166&sorter=scoreDesc&brand=&offerCondition=&filter=&fromComponent=N&channel=user&selectedPlpKeepFilter=&q=트윅스
KR,CPG,https://www.coupang.com/np/search?listSize=60&filterType=&rating=0&isPriceRange=false&minPrice=&maxPrice=&component=195166&sorter=scoreDesc&brand=&offerCondition=&filter=&fromComponent=N&channel=user&selectedPlpKeepFilter=&q=스니커즈
KR,CPG,https://www.coupang.com/np/search?listSize=60&filterType=&rating=0&isPriceRange=false&minPrice=&maxPrice=&component=195166&sorter=scoreDesc&brand=&offerCondition=&filter=&fromComponent=N&channel=user&selectedPlpKeepFilter=&q=몰티져스
KR,CPG,https://www.coupang.com/np/search?listSize=60&filterType=&rating=0&isPriceRange=false&minPrice=&maxPrice=&component=195166&sorter=scoreDesc&brand=&offerCondition=&filter=&fromComponent=N&channel=user&selectedPlpKeepFilter=&q=마즈
KR,CPG,https://www.coupang.com/np/search?listSize=60&filterType=&rating=0&isPriceRange=false&minPrice=&maxPrice=&component=195166&sorter=scoreDesc&brand=&offerCondition=&filter=&fromComponent=N&channel=user&selectedPlpKeepFilter=&q=도브초콜릿
KR,CPG,https://www.coupang.com/np/search?listSize=60&filterType=&rating=0&isPriceRange=false&minPrice=&maxPrice=&component=195166&sorter=scoreDesc&brand=&offerCondition=&filter=&fromComponent=N&channel=user&selectedPlpKeepFilter=&q=마이쮸
KR,CPG,https://www.coupang.com/np/search?listSize=60&filterType=&rating=0&isPriceRange=false&minPrice=&maxPrice=&component=195166&sorter=scoreDesc&brand=&offerCondition=&filter=&fromComponent=N&channel=user&selectedPlpKeepFilter=&q=하리보
KR,CPG,https://www.coupang.com/np/search?listSize=60&filterType=&rating=0&isPriceRange=false&minPrice=&maxPrice=&component=195166&sorter=scoreDesc&brand=&offerCondition=&filter=&fromComponent=N&channel=user&selectedPlpKeepFilter=&q=jelly스트로우
KR,CPG,https://www.coupang.com/np/search?listSize=60&filterType=&rating=0&isPriceRange=false&minPrice=&maxPrice=&component=195166&sorter=scoreDesc&brand=&offerCondition=&filter=&fromComponent=N&channel=user&selectedPlpKeepFilter=&q=gomgom
KR,CPG,https://www.coupang.com/np/search?listSize=60&filterType=&rating=0&isPriceRange=false&minPrice=&maxPrice=&component=195166&sorter=scoreDesc&brand=&offerCondition=&filter=&fromComponent=N&channel=user&selectedPlpKeepFilter=&q=더존건강
KR,CPG,https://www.coupang.com/np/search?listSize=60&filterType=&rating=0&isPriceRange=false&minPrice=&maxPrice=&component=195166&sorter=scoreDesc&brand=&offerCondition=&filter=&fromComponent=N&channel=user&selectedPlpKeepFilter=&q=오리온
KR,CPG,https://www.coupang.com/np/search?listSize=60&filterType=&rating=0&isPriceRange=false&minPrice=&maxPrice=&component=195166&sorter=scoreDesc&brand=&offerCondition=&filter=&fromComponent=N&channel=user&selectedPlpKeepFilter=&q=동일식품
KR,CPG,https://www.coupang.com/np/search?listSize=60&filterType=&rating=0&isPriceRange=false&minPrice=&maxPrice=&component=195166&sorter=scoreDesc&brand=&offerCondition=&filter=&fromComponent=N&channel=user&selectedPlpKeepFilter=&q=웰치스
KR,CPG,https://www.coupang.com/np/search?listSize=60&filterType=&rating=0&isPriceRange=false&minPrice=&maxPrice=&component=195166&sorter=scoreDesc&brand=&offerCondition=&filter=&fromComponent=N&channel=user&selectedPlpKeepFilter=&q=트롤리
KR,CPG,https://www.coupang.com/np/search?listSize=60&filterType=&rating=0&isPriceRange=false&minPrice=&maxPrice=&component=195166&sorter=scoreDesc&brand=&offerCondition=&filter=&fromComponent=N&channel=user&selectedPlpKeepFilter=&q=리터스포트
KR,CPG,https://www.coupang.com/np/search?listSize=60&filterType=&rating=0&isPriceRange=false&minPrice=&maxPrice=&component=195166&sorter=scoreDesc&brand=&offerCondition=&filter=&fromComponent=N&channel=user&selectedPlpKeepFilter=&q=알도르
KR,CPG,https://www.coupang.com/np/search?listSize=60&filterType=&rating=0&isPriceRange=false&minPrice=&maxPrice=&component=195166&sorter=scoreDesc&brand=&offerCondition=&filter=&fromComponent=N&channel=user&selectedPlpKeepFilter=&q=베베토
KR,CPG,https://www.coupang.com/np/search?listSize=60&filterType=&rating=0&isPriceRange=false&minPrice=&maxPrice=&component=195166&sorter=scoreDesc&brand=&offerCondition=&filter=&fromComponent=N&channel=user&selectedPlpKeepFilter=&q=주샨
KR,CPG,https://www.coupang.com/np/search?listSize=60&filterType=&rating=0&isPriceRange=false&minPrice=&maxPrice=&component=195166&sorter=scoreDesc&brand=&offerCondition=&filter=&fromComponent=N&channel=user&selectedPlpKeepFilter=&q=엘투
KR,CPG,https://www.coupang.com/np/search?listSize=60&filterType=&rating=0&isPriceRange=false&minPrice=&maxPrice=&component=195166&sorter=scoreDesc&brand=&offerCondition=&filter=&fromComponent=N&channel=user&selectedPlpKeepFilter=&q=TRIXIE
KR,CPG,https://www.coupang.com/np/search?listSize=60&filterType=&rating=0&isPriceRange=false&minPrice=&maxPrice=&component=195166&sorter=scoreDesc&brand=&offerCondition=&filter=&fromComponent=N&channel=user&selectedPlpKeepFilter=&q=HApi
KR,CPG,https://www.coupang.com/np/search?listSize=60&filterType=&rating=0&isPriceRange=false&minPrice=&maxPrice=&component=195166&sorter=scoreDesc&brand=&offerCondition=&filter=&fromComponent=N&channel=user&selectedPlpKeepFilter=&q=리콜라
KR,CPG,https://www.coupang.com/np/search?listSize=60&filterType=&rating=0&isPriceRange=false&minPrice=&maxPrice=&component=195166&sorter=scoreDesc&brand=&offerCondition=&filter=&fromComponent=N&channel=user&selectedPlpKeepFilter=&q=카수가이
KR,CPG,https://www.coupang.com/np/search?listSize=60&filterType=&rating=0&isPriceRange=false&minPrice=&maxPrice=&component=195166&sorter=scoreDesc&brand=&offerCondition=&filter=&fromComponent=N&channel=user&selectedPlpKeepFilter=&q=허쉬
KR,CPG,https://www.coupang.com/np/search?listSize=60&filterType=&rating=0&isPriceRange=false&minPrice=&maxPrice=&component=195166&sorter=scoreDesc&brand=&offerCondition=&filter=&fromComponent=N&channel=user&selectedPlpKeepFilter=&q=키세스
KR,CPG,https://www.coupang.com/np/search?listSize=60&filterType=&rating=0&isPriceRange=false&minPrice=&maxPrice=&component=195166&sorter=scoreDesc&brand=&offerCondition=&filter=&fromComponent=N&channel=user&selectedPlpKeepFilter=&q=쁘띠첼
KR,CPG,https://www.coupang.com/np/search?listSize=60&filterType=&rating=0&isPriceRange=false&minPrice=&maxPrice=&component=195166&sorter=scoreDesc&brand=&offerCondition=&filter=&fromComponent=N&channel=user&selectedPlpKeepFilter=&q=마이구미
KR,CPG,https://www.coupang.com/np/search?listSize=60&filterType=&rating=0&isPriceRange=false&minPrice=&maxPrice=&component=195166&sorter=scoreDesc&brand=&offerCondition=&filter=&fromComponent=N&channel=user&selectedPlpKeepFilter=&q=롯데제로
KR,CPG,https://www.coupang.com/np/search?listSize=60&filterType=&rating=0&isPriceRange=false&minPrice=&maxPrice=&component=195166&sorter=scoreDesc&brand=&offerCondition=&filter=&fromComponent=N&channel=user&selectedPlpKeepFilter=&q=몽쉘
KR,CPG,https://www.coupang.com/np/search?listSize=60&filterType=&rating=0&isPriceRange=false&minPrice=&maxPrice=&component=115574&sorter=scoreDesc&brand=&offerCondition=&filter=&fromComponent=N&channel=user&selectedPlpKeepFilter=&q=동원뉴트리플랜
KR,CPG,https://www.coupang.com/np/search?listSize=60&filterType=&rating=0&isPriceRange=false&minPrice=&maxPrice=&component=115574&sorter=scoreDesc&brand=&offerCondition=&filter=&fromComponent=N&channel=user&selectedPlpKeepFilter=&q=사조러브잇
KR,CPG,https://www.coupang.com/np/search?listSize=60&filterType=&rating=0&isPriceRange=false&minPrice=&maxPrice=&component=115574&sorter=scoreDesc&brand=&offerCondition=&filter=&fromComponent=N&channel=user&selectedPlpKeepFilter=&q=탐사
KR,CPG,https://www.coupang.com/np/search?listSize=60&filterType=&rating=0&isPriceRange=false&minPrice=&maxPrice=&component=115574&sorter=scoreDesc&brand=&offerCondition=&filter=&fromComponent=N&channel=user&selectedPlpKeepFilter=&q=쉬바
KR,CPG,https://www.coupang.com/np/search?listSize=60&filterType=&rating=0&isPriceRange=false&minPrice=&maxPrice=&component=115574&sorter=scoreDesc&brand=&offerCondition=&filter=&fromComponent=N&channel=user&selectedPlpKeepFilter=&q=더캣츠
KR,CPG,https://www.coupang.com/np/search?listSize=60&filterType=&rating=0&isPriceRange=false&minPrice=&maxPrice=&component=115574&sorter=scoreDesc&brand=&offerCondition=&filter=&fromComponent=N&channel=user&selectedPlpKeepFilter=&q=테비토퍼
KR,CPG,https://www.coupang.com/np/search?listSize=60&filterType=&rating=0&isPriceRange=false&minPrice=&maxPrice=&component=115574&sorter=scoreDesc&brand=&offerCondition=&filter=&fromComponent=N&channel=user&selectedPlpKeepFilter=&q=펫스토리로얄
KR,CPG,https://www.coupang.com/np/search?listSize=60&filterType=&rating=0&isPriceRange=false&minPrice=&maxPrice=&component=115574&sorter=scoreDesc&brand=&offerCondition=&filter=&fromComponent=N&channel=user&selectedPlpKeepFilter=&q=이나바
KR,CPG,https://www.coupang.com/np/search?listSize=60&filterType=&rating=0&isPriceRange=false&minPrice=&maxPrice=&component=115574&sorter=scoreDesc&brand=&offerCondition=&filter=&fromComponent=N&channel=user&selectedPlpKeepFilter=&q=챠오츄르
KR,CPG,https://www.coupang.com/np/search?listSize=60&filterType=&rating=0&isPriceRange=false&minPrice=&maxPrice=&component=115574&sorter=scoreDesc&brand=&offerCondition=&filter=&fromComponent=N&channel=user&selectedPlpKeepFilter=&q=유니참긴노스푼
KR,CPG,https://www.coupang.com/np/search?listSize=60&filterType=&rating=0&isPriceRange=false&minPrice=&maxPrice=&component=115574&sorter=scoreDesc&brand=&offerCondition=&filter=&fromComponent=N&channel=user&selectedPlpKeepFilter=&q=위스카스
KR,CPG,https://www.coupang.com/np/search?listSize=60&filterType=&rating=0&isPriceRange=false&minPrice=&maxPrice=&component=115574&sorter=scoreDesc&brand=&offerCondition=&filter=&fromComponent=N&channel=user&selectedPlpKeepFilter=&q=템테이션
KR,CPG,https://www.coupang.com/np/search?listSize=60&filterType=&rating=0&isPriceRange=false&minPrice=&maxPrice=&component=115574&sorter=scoreDesc&brand=&offerCondition=&filter=&fromComponent=N&channel=user&selectedPlpKeepFilter=&q=그리니즈
KR,CPG,https://www.coupang.com/np/search?listSize=60&filterType=&rating=0&isPriceRange=false&minPrice=&maxPrice=&component=115574&sorter=scoreDesc&brand=&offerCondition=&filter=&fromComponent=N&channel=user&selectedPlpKeepFilter=&q=뽀시래기
KR,CPG,https://www.coupang.com/np/search?listSize=60&filterType=&rating=0&isPriceRange=false&minPrice=&maxPrice=&component=115574&sorter=scoreDesc&brand=&offerCondition=&filter=&fromComponent=N&channel=user&selectedPlpKeepFilter=&q=슈퍼츄
KR,CPG,https://www.coupang.com/np/search?listSize=60&filterType=&rating=0&isPriceRange=false&minPrice=&maxPrice=&component=115574&sorter=scoreDesc&brand=&offerCondition=&filter=&fromComponent=N&channel=user&selectedPlpKeepFilter=&q=캐츠랑
KR,CPG,https://www.coupang.com/np/search?listSize=60&filterType=&rating=0&isPriceRange=false&minPrice=&maxPrice=&component=115574&sorter=scoreDesc&brand=&offerCondition=&filter=&fromComponent=N&channel=user&selectedPlpKeepFilter=&q=굿데이
KR,CPG,https://www.coupang.com/np/search?listSize=60&filterType=&rating=0&isPriceRange=false&minPrice=&maxPrice=&component=115574&sorter=scoreDesc&brand=&offerCondition=&filter=&fromComponent=N&channel=user&selectedPlpKeepFilter=&q=3651
KR,CPG,https://www.coupang.com/np/search?listSize=60&filterType=&rating=0&isPriceRange=false&minPrice=&maxPrice=&component=115574&sorter=scoreDesc&brand=&offerCondition=&filter=&fromComponent=N&channel=user&selectedPlpKeepFilter=&q=춉춉
KR,CPG,https://www.coupang.com/np/search?listSize=60&filterType=&rating=0&isPriceRange=false&minPrice=&maxPrice=&component=115574&sorter=scoreDesc&brand=&offerCondition=&filter=&fromComponent=N&channel=user&selectedPlpKeepFilter=&q=굿밸런스
KR,CPG,https://www.coupang.com/np/search?listSize=60&filterType=&rating=0&isPriceRange=false&minPrice=&maxPrice=&component=115574&sorter=scoreDesc&brand=&offerCondition=&filter=&fromComponent=N&channel=user&selectedPlpKeepFilter=&q=메가츄
KR,CPG,https://www.coupang.com/np/search?listSize=60&filterType=&rating=0&isPriceRange=false&minPrice=&maxPrice=&component=115574&sorter=scoreDesc&brand=&offerCondition=&filter=&fromComponent=N&channel=user&selectedPlpKeepFilter=&q=펫둥이
KR,CPG,https://www.coupang.com/np/search?listSize=60&filterType=&rating=0&isPriceRange=false&minPrice=&maxPrice=&component=115574&sorter=scoreDesc&brand=&offerCondition=&filter=&fromComponent=N&channel=user&selectedPlpKeepFilter=&q=무마진
KR,CPG,https://www.coupang.com/np/search?listSize=60&filterType=&rating=0&isPriceRange=false&minPrice=&maxPrice=&component=115574&sorter=scoreDesc&brand=&offerCondition=&filter=&fromComponent=N&channel=user&selectedPlpKeepFilter=&q=브리더랩
KR,CPG,https://www.coupang.com/np/search?listSize=60&filterType=&rating=0&isPriceRange=false&minPrice=&maxPrice=&component=115574&sorter=scoreDesc&brand=&offerCondition=&filter=&fromComponent=N&channel=user&selectedPlpKeepFilter=&q=츄릅츄릅
KR,CPG,https://www.coupang.com/np/search?listSize=60&filterType=&rating=0&isPriceRange=false&minPrice=&maxPrice=&component=115574&sorter=scoreDesc&brand=&offerCondition=&filter=&fromComponent=N&channel=user&selectedPlpKeepFilter=&q=힐스사이언스다이어트
KR,CPG,https://www.coupang.com/np/search?listSize=60&filterType=&rating=0&isPriceRange=false&minPrice=&maxPrice=&component=115574&sorter=scoreDesc&brand=&offerCondition=&filter=&fromComponent=N&channel=user&selectedPlpKeepFilter=&q=하림펫푸드
KR,CPG,https://www.coupang.com/np/search?listSize=60&filterType=&rating=0&isPriceRange=false&minPrice=&maxPrice=&component=115574&sorter=scoreDesc&brand=&offerCondition=&filter=&fromComponent=N&channel=user&selectedPlpKeepFilter=&q=뉴트로
KR,CPG,https://www.coupang.com/np/search?listSize=60&filterType=&rating=0&isPriceRange=false&minPrice=&maxPrice=&component=115574&sorter=scoreDesc&brand=&offerCondition=&filter=&fromComponent=N&channel=user&selectedPlpKeepFilter=&q=잘먹잘싸
KR,CPG,https://www.coupang.com/np/search?listSize=60&filterType=&rating=0&isPriceRange=false&minPrice=&maxPrice=&component=115574&sorter=scoreDesc&brand=&offerCondition=&filter=&fromComponent=N&channel=user&selectedPlpKeepFilter=&q=프로베스트
KR,CPG,https://www.coupang.com/np/search?listSize=60&filterType=&rating=0&isPriceRange=false&minPrice=&maxPrice=&component=115574&sorter=scoreDesc&brand=&offerCondition=&filter=&fromComponent=N&channel=user&selectedPlpKeepFilter=&q=내추럴발란스
KR,CPG,https://www.coupang.com/np/search?listSize=60&filterType=&rating=0&isPriceRange=false&minPrice=&maxPrice=&component=115574&sorter=scoreDesc&brand=&offerCondition=&filter=&fromComponent=N&channel=user&selectedPlpKeepFilter=&q=캣차우
KR,CPG,https://www.coupang.com/np/search?listSize=60&filterType=&rating=0&isPriceRange=false&minPrice=&maxPrice=&component=115574&sorter=scoreDesc&brand=&offerCondition=&filter=&fromComponent=N&channel=user&selectedPlpKeepFilter=&q=팬시피스트
KR,CPG,https://www.coupang.com/np/search?listSize=60&filterType=&rating=0&isPriceRange=false&minPrice=&maxPrice=&component=115574&sorter=scoreDesc&brand=&offerCondition=&filter=&fromComponent=N&channel=user&selectedPlpKeepFilter=&q=뉴트리나
KR,CPG,https://www.coupang.com/np/search?listSize=60&filterType=&rating=0&isPriceRange=false&minPrice=&maxPrice=&component=115574&sorter=scoreDesc&brand=&offerCondition=&filter=&fromComponent=N&channel=user&selectedPlpKeepFilter=&q=웰니스
KR,CPG,https://www.coupang.com/np/search?listSize=60&filterType=&rating=0&isPriceRange=false&minPrice=&maxPrice=&component=115574&sorter=scoreDesc&brand=&offerCondition=&filter=&fromComponent=N&channel=user&selectedPlpKeepFilter=&q=조공
KR,CPG,https://www.coupang.com/np/search?listSize=60&filterType=&rating=0&isPriceRange=false&minPrice=&maxPrice=&component=115574&sorter=scoreDesc&brand=&offerCondition=&filter=&fromComponent=N&channel=user&selectedPlpKeepFilter=&q=아보덤
KR,CPG,https://www.coupang.com/np/search?listSize=60&filterType=&rating=0&isPriceRange=false&minPrice=&maxPrice=&component=115574&sorter=scoreDesc&brand=&offerCondition=&filter=&fromComponent=N&channel=user&selectedPlpKeepFilter=&q=알모네이처
KR,CPG,https://www.coupang.com/np/search?listSize=60&filterType=&rating=0&isPriceRange=false&minPrice=&maxPrice=&component=115574&sorter=scoreDesc&brand=&offerCondition=&filter=&fromComponent=N&channel=user&selectedPlpKeepFilter=&q=띵크유어도그티
KR,CPG,https://www.coupang.com/np/search?listSize=60&filterType=&rating=0&isPriceRange=false&minPrice=&maxPrice=&component=115574&sorter=scoreDesc&brand=&offerCondition=&filter=&fromComponent=N&channel=user&selectedPlpKeepFilter=&q=참좋은간식
KR,CPG,https://www.coupang.com/np/search?listSize=60&filterType=&rating=0&isPriceRange=false&minPrice=&maxPrice=&component=115574&sorter=scoreDesc&brand=&offerCondition=&filter=&fromComponent=N&channel=user&selectedPlpKeepFilter=&q=네츄럴이엑스
KR,CPG,https://www.coupang.com/np/search?listSize=60&filterType=&rating=0&isPriceRange=false&minPrice=&maxPrice=&component=115574&sorter=scoreDesc&brand=&offerCondition=&filter=&fromComponent=N&channel=user&selectedPlpKeepFilter=&q=네츄럴코어
KR,CPG,https://www.coupang.com/np/search?listSize=60&filterType=&rating=0&isPriceRange=false&minPrice=&maxPrice=&component=115574&sorter=scoreDesc&brand=&offerCondition=&filter=&fromComponent=N&channel=user&selectedPlpKeepFilter=&q=네츄럴랩
KR,CPG,https://www.coupang.com/np/search?listSize=60&filterType=&rating=0&isPriceRange=false&minPrice=&maxPrice=&component=115574&sorter=scoreDesc&brand=&offerCondition=&filter=&fromComponent=N&channel=user&selectedPlpKeepFilter=&q=시저
KR,CPG,https://www.coupang.com/np/search?listSize=60&filterType=&rating=0&isPriceRange=false&minPrice=&maxPrice=&component=115574&sorter=scoreDesc&brand=&offerCondition=&filter=&fromComponent=N&channel=user&selectedPlpKeepFilter=&q=페디그리
KR,CPG,https://www.coupang.com/np/search?listSize=60&filterType=&rating=0&isPriceRange=false&minPrice=&maxPrice=&component=115574&sorter=scoreDesc&brand=&offerCondition=&filter=&fromComponent=N&channel=user&selectedPlpKeepFilter=&q=건강백서
KR,CPG,https://www.coupang.com/np/search?listSize=60&filterType=&rating=0&isPriceRange=false&minPrice=&maxPrice=&component=115574&sorter=scoreDesc&brand=&offerCondition=&filter=&fromComponent=N&channel=user&selectedPlpKeepFilter=&q=now
KR,CPG,https://www.coupang.com/np/search?listSize=60&filterType=&rating=0&isPriceRange=false&minPrice=&maxPrice=&component=115574&sorter=scoreDesc&brand=&offerCondition=&filter=&fromComponent=N&channel=user&selectedPlpKeepFilter=&q=ANF
KR,CPG,https://www.coupang.com/np/search?listSize=60&filterType=&rating=0&isPriceRange=false&minPrice=&maxPrice=&component=115574&sorter=scoreDesc&brand=&offerCondition=&filter=&fromComponent=N&channel=user&selectedPlpKeepFilter=&q=마이펫닥터
KR,CPG,https://www.coupang.com/np/search?listSize=60&filterType=&rating=0&isPriceRange=false&minPrice=&maxPrice=&component=115574&sorter=scoreDesc&brand=&offerCondition=&filter=&fromComponent=N&channel=user&selectedPlpKeepFilter=&q=도그랑
KR,CPG,https://www.coupang.com/np/search?listSize=60&filterType=&rating=0&isPriceRange=false&minPrice=&maxPrice=&component=115574&sorter=scoreDesc&brand=&offerCondition=&filter=&fromComponent=N&channel=user&selectedPlpKeepFilter=&q=아이엠즈
KR,CPG,https://www.coupang.com/np/search?listSize=60&filterType=&rating=0&isPriceRange=false&minPrice=&maxPrice=&component=115574&sorter=scoreDesc&brand=&offerCondition=&filter=&fromComponent=N&channel=user&selectedPlpKeepFilter=&q=한끼뚝딱
KR,CPG,https://www.coupang.com/np/search?listSize=60&filterType=&rating=0&isPriceRange=false&minPrice=&maxPrice=&component=115574&sorter=scoreDesc&brand=&offerCondition=&filter=&fromComponent=N&channel=user&selectedPlpKeepFilter=&q=더독
KR,CPG,https://www.coupang.com/np/search?listSize=60&filterType=&rating=0&isPriceRange=false&minPrice=&maxPrice=&component=115574&sorter=scoreDesc&brand=&offerCondition=&filter=&fromComponent=N&channel=user&selectedPlpKeepFilter=&q=펠리쿠치나
KR,CPG,https://www.coupang.com/np/search?listSize=60&filterType=&rating=0&isPriceRange=false&minPrice=&maxPrice=&component=115574&sorter=scoreDesc&brand=&offerCondition=&filter=&fromComponent=N&channel=user&selectedPlpKeepFilter=&q=풀무원아미오
KR,CPG,https://www.coupang.com/np/search?listSize=60&filterType=&rating=0&isPriceRange=false&minPrice=&maxPrice=&component=115574&sorter=scoreDesc&brand=&offerCondition=&filter=&fromComponent=N&channel=user&selectedPlpKeepFilter=&q=momndaddy
KR,CPG,https://www.coupang.com/np/search?listSize=60&filterType=&rating=0&isPriceRange=false&minPrice=&maxPrice=&component=115574&sorter=scoreDesc&brand=&offerCondition=&filter=&fromComponent=N&channel=user&selectedPlpKeepFilter=&q=보양대첩
KR,CPG,https://www.coupang.com/np/search?listSize=60&filterType=&rating=0&isPriceRange=false&minPrice=&maxPrice=&component=115574&sorter=scoreDesc&brand=&offerCondition=&filter=&fromComponent=N&channel=user&selectedPlpKeepFilter=&q=베러펫
KR,CPG,https://www.coupang.com/np/search?listSize=60&filterType=&rating=0&isPriceRange=false&minPrice=&maxPrice=&component=115574&sorter=scoreDesc&brand=&offerCondition=&filter=&fromComponent=N&channel=user&selectedPlpKeepFilter=&q=테라카니스
KR,CPG,https://www.coupang.com/np/search?listSize=60&filterType=&rating=0&isPriceRange=false&minPrice=&maxPrice=&component=115574&sorter=scoreDesc&brand=&offerCondition=&filter=&fromComponent=N&channel=user&selectedPlpKeepFilter=&q=웁스
KR,CPG,https://www.coupang.com/np/search?listSize=60&filterType=&rating=0&isPriceRange=false&minPrice=&maxPrice=&component=115574&sorter=scoreDesc&brand=&offerCondition=&filter=&fromComponent=N&channel=user&selectedPlpKeepFilter=&q=옵티원
KR,CPG,https://www.coupang.com/np/search?listSize=60&filterType=&rating=0&isPriceRange=false&minPrice=&maxPrice=&component=115574&sorter=scoreDesc&brand=&offerCondition=&filter=&fromComponent=N&channel=user&selectedPlpKeepFilter=&q=시그니처바이
KR,CPG,https://www.coupang.com/np/search?listSize=60&filterType=&rating=0&isPriceRange=false&minPrice=&maxPrice=&component=115574&sorter=scoreDesc&brand=&offerCondition=&filter=&fromComponent=N&channel=user&selectedPlpKeepFilter=&q=원더푸드
KR,CPG,https://www.coupang.com/np/search?listSize=60&filterType=&rating=0&isPriceRange=false&minPrice=&maxPrice=&component=115574&sorter=scoreDesc&brand=&offerCondition=&filter=&fromComponent=N&channel=user&selectedPlpKeepFilter=&q=하림펫푸드밥이보약
KR,CPG,https://www.coupang.com/np/search?listSize=60&filterType=&rating=0&isPriceRange=false&minPrice=&maxPrice=&component=115574&sorter=scoreDesc&brand=&offerCondition=&filter=&fromComponent=N&channel=user&selectedPlpKeepFilter=&q=반려소반
KR,CPG,https://www.coupang.com/np/search?listSize=60&filterType=&rating=0&isPriceRange=false&minPrice=&maxPrice=&component=115574&sorter=scoreDesc&brand=&offerCondition=&filter=&fromComponent=N&channel=user&selectedPlpKeepFilter=&q=펫리서치
KR,CPG,https://www.coupang.com/np/search?listSize=60&filterType=&rating=0&isPriceRange=false&minPrice=&maxPrice=&component=115574&sorter=scoreDesc&brand=&offerCondition=&filter=&fromComponent=N&channel=user&selectedPlpKeepFilter=&q=브프캣
KR,CPG,https://www.coupang.com/np/search?listSize=60&filterType=&rating=0&isPriceRange=false&minPrice=&maxPrice=&component=115574&sorter=scoreDesc&brand=&offerCondition=&filter=&fromComponent=N&channel=user&selectedPlpKeepFilter=&q=에이비에스엘
KR,CPG,https://www.coupang.com/np/search?listSize=60&filterType=&rating=0&isPriceRange=false&minPrice=&maxPrice=&component=115574&sorter=scoreDesc&brand=&offerCondition=&filter=&fromComponent=N&channel=user&selectedPlpKeepFilter=&q=코멧
KR,CPG,https://www.coupang.com/np/search?listSize=60&filterType=&rating=0&isPriceRange=false&minPrice=&maxPrice=&component=115574&sorter=scoreDesc&brand=&offerCondition=&filter=&fromComponent=N&channel=user&selectedPlpKeepFilter=&q=퓨리나원
KR,CPG,https://www.coupang.com/np/categories/195297
KR,CPG,https://www.coupang.com/np/categories/431979
KR,CPG,https://www.coupang.com/np/categories/195305
KR,CPG,https://www.coupang.com/np/categories/445725
KR,CPG,https://www.coupang.com/np/categories/118900
KR,CPG,https://www.coupang.com/np/categories/445859
KR,CPG,https://www.coupang.com/np/categories/119402
